a,n,num_liquidations,total_commission,short_profits,long_profits,profit
0.001,2,5533,1335,11900.26137,2210.655465,12775.91684
0.001,2.1,5293,1340.892,11825.386,2328.862225,12813.35622
0.001,2.2,5112,1356.696,12078.94288,2261.389786,12983.63667
0.001,2.3,4890,1356.678,12081.89537,2262.236502,12987.45388
0.001,2.4,4691,1358.352,12151.60049,2210.236628,13003.48512
0.001,2.5,4543,1370.1,12178.36224,2296.997551,13105.25979
0.001,2.6,4444,1393.86,12471.73532,2272.023595,13349.89891
0.001,2.7,4302,1401.3,12456.27129,2356.073186,13411.04448
0.001,2.8,4112,1389.024,12345.38847,2331.161249,13287.52571
0.001,2.9,4057,1419.318,12637.82768,2365.625654,13584.13533
0.001,3,3868,1399.68,12549.60548,2265.968913,13415.8944
0.001,3.1,3755,1404.3,12559.35163,2289.055777,13444.1074
0.001,3.2,3616,1396.032,12357.09651,2388.727833,13349.79235
0.001,3.3,3522,1402.236,12530.2911,2300.519072,13428.57417
0.001,3.4,3484,1429.02,12757.46944,2362.054688,13690.50413
0.001,3.5,3411,1440.18,12850.13639,2383.568194,13793.52458
0.001,3.6,3250,1411.56,12643.75273,2304.811067,13537.0038
0.001,3.7,3199,1428.126,12729.80904,2379.851804,13681.53484
0.001,3.8,3162,1449.396,12923.12,2414.734375,13888.45837
0.001,3.9,3023,1422.252,12616.91873,2416.068273,13610.735
0.001,4,2954,1425.6,12681.06505,2377.64044,13633.10549
0.001,4.1,2889,1429.014,12886.97428,2246.378644,13704.33893
0.001,4.2,2885,1461.852,13177.526,2303.567346,14019.24135
0.001,4.3,2864,1485.306,13308.82831,2412.204816,14235.72713
0.001,4.4,2763,1466.52,13174.76268,2359.838296,14068.08097
0.001,4.5,2696,1463.4,13198.22078,2312.394615,14047.21539
0.001,4.6,2653,1471.908,13379.30692,2241.68465,14149.08357
0.001,4.7,2594,1470.63,13374.85155,2237.935104,14142.15666
0.001,4.8,2600,1505.088,13768.72705,2209.949327,14473.58838
0.001,4.9,2559,1512.336,13608.934,2403.983797,14500.5818
0.001,5,2540,1531.8,13773.48252,2458.476734,14700.15926
0.001,5.1,2476,1522.962,13705.88652,2429.079969,14612.00449
0.001,5.2,2358,1479.192,13303.37584,2354.44347,14178.62731
0.001,5.3,2383,1523.22,13553.41372,2564.001008,14594.19472
0.001,5.4,2357,1535.112,13796.04168,2467.270125,14728.1998
0.001,5.5,2284,1515.03,13626.31647,2433.987952,14545.27443
0.001,5.6,2184,1475.376,13388.32936,2241.530785,14154.48415
0.001,5.7,2094,1440.162,12845.75886,2376.638309,13782.23516
0.001,5.8,2052,1435.848,12669.45803,2473.72952,13707.33955
0.001,5.9,2096,1491.756,13330.72874,2454.977667,14293.9504
0.001,6,2062,1492.2,13483.77527,2328.80313,14320.3784
0.001,6.1,1998,1470.222,13252.90692,2323.589892,14106.27481
0.001,6.2,1967,1471.26,13215.77876,2361.145817,14105.66458
0.001,6.3,1918,1457.568,13016.23101,2397.591382,13956.25439
0.001,6.4,1953,1507.584,13640.62216,2314.565506,14447.60367
0.001,6.5,1905,1493.31,13508.82304,2284.792348,14300.30538
0.001,6.6,1853,1475.1,13285.945,2304.499797,14115.3448
0.001,6.7,1844,1490.214,13330.50164,2406.819962,14247.10761
0.001,6.8,1761,1444.728,13114.19491,2171.234961,13840.70187
0.001,6.9,1866,1552.914,14226.25413,2263.544615,14936.88475
0.001,7,1870,1578.36,14288.48688,2429.868148,15139.99503
0.001,7.1,1792,1534.452,14038.59782,2253.481635,14757.62745
0.001,7.2,1770,1537.056,13721.89534,2546.834292,14731.67364
0.001,7.3,1708,1504.092,13439.81582,2466.22123,14401.94505
0.001,7.4,1703,1520.256,13647.66302,2458.591911,14585.99893
0.001,7.5,1713,1549.35,13866.55755,2543.977534,14861.18508
0.001,7.6,1701,1559.064,13900.08003,2586.976687,14927.99272
0.001,7.7,1672,1552.782,13845.99103,2579.903171,14873.1122
0.001,7.8,1620,1524.276,13543.96021,2567.412714,14587.09692
0.001,7.9,1603,1527.228,13621.12948,2533.277468,14627.17894
0.001,8,1595,1538.88,13753.95404,2514.839881,14729.91392
0.001,8.1,1577,1540.62,14029.55633,2308.095809,14797.03214
0.001,8.2,1592,1574.4,14208.32021,2481.944353,15115.86456
0.001,8.3,1534,1535.832,13868.98449,2417.748697,14750.90119
0.001,8.4,1493,1512.504,13638.60032,2400.041112,14526.13743
0.001,8.5,1416,1451.97,12832.68868,2486.142774,13866.86146
0.001,8.6,1405,1457.7,13076.94628,2341.360487,13960.60677
0.001,8.7,1434,1504.926,13546.58221,2369.588935,14411.24514
0.001,8.8,1464,1553.904,13966.36714,2475.490641,14887.95378
0.001,8.9,1478,1586.514,14322.15367,2493.376713,15229.01639
0.001,9,1394,1513.08,13532.79532,2512.209515,14531.92484
0.001,9.1,1418,1556.1,13999.08159,2488.780321,14931.76191
0.001,9.2,1451,1609.632,14495.03723,2566.183742,15451.58897
0.001,9.3,1460,1637.172,14906.17234,2478.415871,15747.41621
0.001,9.4,1452,1645.752,14961.0644,2515.34336,15830.65576
0.001,9.5,1419,1625.64,14748.09573,2486.298908,15608.75463
0.001,9.6,1370,1585.728,14251.22631,2533.317927,15198.81624
0.001,9.7,1263,1477.698,13255.4944,2376.411095,14154.20749
0.001,9.8,1285,1518.804,13660.76726,2424.635495,14566.59876
0.001,9.9,1243,1484.406,13408.58887,2315.402894,14239.58576
0.001,10,1246,1503,13618.12011,2305.762698,14420.8828
0.001,10.1,1207,1470.762,13260.85711,2273.050361,14063.14547
0.001,10.2,1214,1493.892,13594.57848,2250.039065,14350.72554
0.001,10.3,1220,1515.954,13834.65979,2248.991144,14567.69694
0.001,10.4,1273,1596.192,14940.81099,2086.048644,15430.66763
0.001,10.5,1174,1486.8,13713.35769,2047.994482,14274.55217
0.001,10.6,1162,1485.696,13759.71135,1998.446614,14272.46196
0.001,10.7,1216,1569.048,14605.10678,2101.286747,15137.34553
0.001,10.8,1230,1601.856,14770.19432,2279.9914,15448.32972
0.001,10.9,1195,1570.908,14617.12341,2131.84946,15178.06487
0.001,11,1087,1442.76,12974.98959,2271.056369,13803.28596
0.001,11.1,1139,1525.14,13993.54885,2192.824432,14661.23328
0.001,11.2,1192,1610.112,14952.45778,2195.806244,15538.15202
0.001,11.3,1125,1533.636,14063.76196,2253.674933,14783.80089
0.001,11.4,1099,1511.64,13827.13991,2247.358714,14562.85862
0.001,11.5,1131,1568.37,14262.75321,2380.860748,15075.24396
0.001,11.6,1156,1616.808,14758.94913,2406.024265,15548.16539
0.001,11.7,1088,1535.274,13821.43435,2400.613193,14686.77354
0.001,11.8,1094,1556.892,13862.22264,2565.840902,14871.17154
0.001,11.9,1089,1562.946,13584.14165,2852.746605,14873.94226
0.001,12,1004,1453.68,12521.52143,2729.47536,13797.31679
0.001,12.1,1019,1487.574,12769.99396,2832.008272,14114.42824
0.001,12.2,1039,1529.148,13207.22556,2840.498068,14518.57563
0.001,12.3,1021,1515.114,13299.37581,2643.519864,14427.78167
0.001,12.4,998,1493.208,13209.45616,2527.992276,14244.24044
0.001,12.5,1033,1557.75,13788.63068,2632.407453,14863.28813
0.001,12.6,1079,1639.008,14600.7244,2710.535679,15672.25208
0.001,12.7,1097,1679.448,14982.00794,2761.207769,16063.76771
0.001,12.8,1135,1751.04,15755.34458,2782.808503,16787.11308
0.001,12.9,1148,1784.844,15814.76743,3063.872239,17093.79567
0.001,13,1083,1697.28,15099.25646,2885.157525,16287.13399
0.001,13.1,1042,1645.884,14551.97558,2878.499286,15784.59086
0.001,13.2,1073,1707.552,15177.59622,2915.95464,16385.99886
0.001,13.3,1044,1674.204,14820.66136,2923.487564,16069.94492
0.001,13.4,955,1543.68,13293.75578,2917.038434,14667.11422
0.001,13.5,944,1537.38,13038.47716,3085.62379,14586.72095
0.001,13.6,942,1545.504,13613.13595,2680.21042,14747.84237
0.001,13.7,931,1538.784,13725.39214,2546.282068,14732.89021
0.001,13.8,897,1493.712,13219.29058,2563.378912,14288.95749
0.001,13.9,876,1468.674,12963.93295,2563.965928,14059.22487
0.001,14,860,1452.36,12879.64671,2487.206536,13914.49325
0.001,14.1,853,1450.89,12755.18064,2584.591684,13888.88233
0.001,14.2,838,1435.62,12670.08765,2523.646927,13758.11458
0.001,14.3,824,1421.706,12395.7598,2654.338473,13628.39227
0.001,14.4,838,1455.84,13028.08217,2448.594218,14020.83639
0.001,14.5,864,1511.19,13570.14738,2513.551513,14572.50889
0.001,14.6,818,1441.02,12988.69208,2320.345291,13868.01737
0.001,14.7,861,1526.742,13872.03644,2351.437284,14696.73172
0.001,14.8,900,1606.392,14450.85075,2565.415869,15409.87462
0.001,14.9,882,1585.062,14350.61961,2466.166504,15231.72411
0.001,15,887,1604.7,14796.95864,2252.214471,15444.47311
0.001,15.1,842,1533.858,14139.58619,2149.034717,14754.76291
0.001,15.2,814,1492.944,13710.11168,2113.573449,14330.74113
0.001,15.3,817,1508.274,13935.09848,2109.304426,14536.12891
0.001,15.4,828,1538.46,14200.26981,2158.391705,14820.20152
0.001,15.5,826,1543.8,14466.82506,1982.875696,14905.90076
0.001,15.6,837,1574.352,14731.88299,2047.925171,15205.45616
0.001,15.7,849,1607.052,15022.51869,2078.551555,15494.01824
0.001,15.8,841,1602.12,15049.84743,2020.829223,15468.55666
0.001,15.9,834,1598.904,14808.91324,2188.505659,15398.5149
0.001,16,837,1614.72,15204.03019,2024.299524,15613.60972
0.001,16.1,883,1713.684,16257.87925,2053.526742,16597.722
0.001,16.2,852,1664.064,15660.34819,2085.885442,16082.16963
0.001,16.3,847,1664.556,15663.98199,2116.97971,16116.4057
0.001,16.4,828,1637.376,15484.11944,2037.8007,15884.54414
0.001,16.5,777,1546.38,14504.75549,1995.426097,14953.80159
0.001,16.6,740,1482.048,13425.56656,2283.17728,14226.69584
0.001,16.7,701,1412.82,12592.43657,2313.815802,13493.43237
0.001,16.8,685,1389.024,12541.03351,2178.615018,13330.62453
0.001,16.9,693,1413.516,12760.24878,2211.24358,13557.97636
0.001,17,667,1368.84,12413.63911,2091.71919,13136.5183
0.001,17.1,665,1372.788,12600.8669,1990.890663,13218.96956
0.001,17.2,644,1337.472,12292.95652,1888.324272,12843.8088
0.001,17.3,664,1386.768,12701.37178,2013.899061,13328.50285
0.001,17.4,671,1409.4,12994.7395,1965.064301,13550.4038
0.001,17.5,690,1457.4,13247.58906,2190.754198,13980.94326
0.001,17.6,702,1491.072,13722.08345,2122.332148,14353.34359
0.001,17.7,682,1457.064,13351.44517,2114.327277,14008.70844
0.001,17.8,668,1434.324,13157.16312,2066.322956,13789.16208
0.001,17.9,705,1521.858,14263.71146,1936.964277,14678.81773
0.001,18,727,1577.88,14766.44393,2024.731698,15213.29563
0.001,18.1,786,1714.794,16227.63972,2074.637106,16587.48282
0.001,18.2,807,1770.132,16851.2585,2065.359285,17146.48579
0.001,18.3,774,1707.39,16319.84294,1936.349534,16548.80247
0.001,18.4,753,1670.352,15820.70005,1990.21971,16140.56776
0.001,18.5,725,1617.27,15219.19974,2002.767446,15604.69719
0.001,18.6,710,1592.532,15143.41407,1831.305691,15382.18776
0.001,18.7,683,1540.506,14707.8885,1736.456752,14903.83925
0.001,18.8,685,1553.256,14941.70866,1684.033683,15072.48635
0.001,18.9,703,1602.342,15077.95688,2026.439402,15502.05428
0.001,19,648,1485.42,13922.10499,1929.655394,14366.34039
0.001,19.1,642,1479.486,13854.14626,1920.430333,14295.09059
0.001,19.2,655,1517.184,14376.53206,1824.209455,14683.55752
0.001,19.3,677,1576.038,15182.09286,1684.777082,15290.83194
0.001,19.4,638,1493.412,14435.37279,1564.035659,14505.99645
0.001,19.5,567,1334.97,12622.26353,1551.307782,12838.60131
0.001,19.6,556,1315.944,12349.22853,1603.857419,12637.14195
0.001,19.7,583,1386.486,12890.34078,1831.735154,13335.58993
0.001,19.8,627,1498.068,14121.90288,1840.447426,14464.2823
0.001,19.9,616,1479.366,13916.66495,1849.729168,14287.02812
0.002,2,2753,667.8,11747.6645,2275.653305,13355.5178
0.002,2.1,2628,669.564,11781.64089,2277.992728,13390.06962
0.002,2.2,2573,686.532,12055.03503,2370.191467,13738.69449
0.002,2.3,2490,694.692,12278.45893,2323.637853,13907.40478
0.002,2.4,2382,693.36,12091.3679,2456.973192,13854.9811
0.002,2.5,2307,699.45,12245.85571,2435.756393,13982.16211
0.002,2.6,2205,695.292,12195.18558,2404.24045,13904.13403
0.002,2.7,2134,698.868,12335.8699,2351.9982,13989.0001
0.002,2.8,2027,688.464,12279.48949,2212.72691,13803.7524
0.002,2.9,2035,715.488,12801.87478,2260.379973,14346.76676
0.002,3,1969,716.22,12707.37492,2365.907997,14357.06292
0.002,3.1,1893,711.636,12563.94326,2389.435362,14241.74262
0.002,3.2,1853,719.04,12756.39503,2371.60275,14408.95778
0.002,3.3,1822,729.036,12929.48559,2417.998368,14618.44796
0.002,3.4,1767,728.484,12968.18516,2369.35244,14609.0536
0.002,3.5,1712,726.6,12931.45077,2367.284575,14572.13534
0.002,3.6,1677,732.024,13093.58514,2339.029268,14700.59041
0.002,3.7,1604,719.502,12823.74589,2337.510922,14441.75481
0.002,3.8,1541,710.22,12634.37388,2314.756981,14238.91086
0.002,3.9,1509,713.934,12720.36364,2305.055798,14311.48544
0.002,4,1510,732.48,13094.99224,2347.478366,14709.99061
0.002,4.1,1479,735.294,13276.41054,2239.496057,14780.61259
0.002,4.2,1456,741.384,13412.88942,2238.837709,14910.34313
0.002,4.3,1394,726.786,12975.93585,2322.294636,14571.44449
0.002,4.4,1402,747.912,13438.41276,2335.579228,15026.07999
0.002,4.5,1402,764.64,13677.26315,2426.036087,15338.65924
0.002,4.6,1326,739.68,13347.1008,2257.297697,14864.7185
0.002,4.7,1318,750.966,13556.21851,2295.499837,15100.75234
0.002,4.8,1301,757.152,13786.4133,2205.655532,15234.91684
0.002,4.9,1274,756.756,13668.14447,2293.088168,15204.47664
0.002,5,1270,769.5,13812.92025,2428.630156,15472.05041
0.002,5.1,1196,739.602,13182.55621,2375.09386,14818.04807
0.002,5.2,1198,755.352,13543.71201,2375.849111,15164.20912
0.002,5.3,1209,776.874,13945.59606,2407.312086,15576.03415
0.002,5.4,1160,759.456,13512.84807,2466.577494,15219.96956
0.002,5.5,1169,779.13,14105.99191,2343.649101,15670.51101
0.002,5.6,1128,765.744,13691.16252,2448.692609,15374.11113
0.002,5.7,1089,752.742,13426.29329,2429.122303,15102.67359
0.002,5.8,1076,756.552,13523.45913,2430.458723,15197.36585
0.002,5.9,1087,777.384,13755.47261,2604.679426,15582.76804
0.002,6,1058,769.68,13587.26402,2606.367369,15423.95139
0.002,6.1,1065,787.266,14052.73161,2569.228977,15834.69459
0.002,6.2,978,735.444,13398.36638,2126.95253,14789.87491
0.002,6.3,964,736.722,13272.46246,2260.206783,14795.94724
0.002,6.4,970,752.64,13507.76245,2350.76755,15105.89
0.002,6.5,1019,802.62,14392.1936,2559.761564,16149.33517
0.002,6.6,968,774.18,13864.50399,2452.14968,15542.47367
0.002,6.7,948,769.83,13779.58545,2429.403988,15439.15944
0.002,6.8,884,729.096,12854.25134,2464.94089,14590.09623
0.002,6.9,906,758.034,13513.06001,2454.365868,15209.39188
0.002,7,898,762.3,13630.02649,2443.754885,15311.48137
0.002,7.1,902,776.172,14198.84107,2210.643425,15633.31249
0.002,7.2,845,737.856,13291.30492,2242.308756,14795.75767
0.002,7.3,848,750.732,13399.11139,2403.687347,15052.06673
0.002,7.4,881,790.32,14205.73648,2451.580718,15866.9972
0.002,7.5,846,769.5,13985.58289,2250.883349,15466.96624
0.002,7.6,864,795.72,14337.82951,2414.193259,15956.30277
0.002,7.7,859,801.57,14300.24911,2567.414304,16066.09341
0.002,7.8,847,800.748,14239.05325,2600.67841,16038.98366
0.002,7.9,820,785.418,14024.15664,2512.962408,15751.70104
0.002,8,811,786.72,14074.2132,2511.663042,15799.15624
0.002,8.1,819,803.844,14323.77159,2616.733673,16136.66127
0.002,8.2,809,803.928,14284.68518,2626.806613,16107.56379
0.002,8.3,803,807.756,14430.75758,2602.407414,16225.40899
0.002,8.4,778,792.288,14200.72736,2500.672098,15909.11145
0.002,8.5,744,766.53,13752.72305,2419.399185,15405.59223
0.002,8.6,722,752.844,13324.83442,2484.380721,15056.37115
0.002,8.7,758,799.182,14506.14564,2377.349297,16084.31294
0.002,8.8,772,823.152,15094.52183,2324.195092,16595.56493
0.002,8.9,728,785.514,14228.95456,2348.745865,15792.18642
0.002,9,716,780.84,14359.98099,2176.897153,15756.03814
0.002,9.1,687,757.848,14084.82305,1960.741514,15287.71656
0.002,9.2,698,778.32,14301.70545,2147.303083,15670.68853
0.002,9.3,708,797.94,14700.91223,2170.27079,16073.24302
0.002,9.4,732,833.592,14873.25013,2694.788899,16734.44702
0.002,9.5,718,826.5,14755.91682,2637.465617,16566.88244
0.002,9.6,689,801.792,14142.62869,2684.217489,16025.05418
0.002,9.7,658,774.06,13474.1801,2732.037467,15432.15756
0.002,9.8,661,784.98,13627.18126,2827.530374,15669.73164
0.002,9.9,662,794.178,14001.22212,2680.698042,15887.74216
0.002,10,645,781.8,13789.9694,2597.808701,15605.9781
0.002,10.1,655,801.738,14452.38796,2419.053824,16069.70378
0.002,10.2,620,766.836,13714.38432,2397.072212,15344.62053
0.002,10.3,638,796.602,14538.47167,2285.120087,16026.98975
0.002,10.4,665,838.032,15451.47667,2285.398238,16898.84291
0.002,10.5,625,795.06,14691.42224,2143.95028,16040.31252
0.002,10.6,629,807.72,14818.8776,2258.666229,16269.82383
0.002,10.7,605,784.524,14156.20789,2376.890824,15748.57472
0.002,10.8,613,802.224,14410.86654,2545.840925,16154.48346
0.002,10.9,610,805.728,14641.19614,2400.568264,16236.03641
0.002,11,583,777.48,14129.3976,2275.356712,15627.27431
0.002,11.1,573,771.228,14051.5142,2245.313222,15525.59942
0.002,11.2,571,775.488,13916.3042,2436.56805,15577.38425
0.002,11.3,566,775.632,13826.64675,2509.837021,15560.85177
0.002,11.4,574,792.756,14012.36022,2679.712964,15899.31719
0.002,11.5,590,821.79,14976.59961,2422.747903,16577.55752
0.002,11.6,578,812.232,14974.98102,2237.205479,16399.9545
0.002,11.7,547,775.71,14265.20171,2150.493346,15639.98505
0.002,11.8,528,755.436,13690.38799,2222.007241,15156.95923
0.002,11.9,538,776.118,13768.47709,2533.333293,15525.69238
0.002,12,543,789.84,13993.70979,2606.868244,15810.73803
0.002,12.1,527,773.19,13524.14848,2680.985641,15431.94412
0.002,12.2,532,786.9,13666.04813,2819.027041,15698.17517
0.002,12.3,534,796.302,13801.14625,2869.659135,15874.50339
0.002,12.4,550,826.584,14559.37333,2780.98571,16513.77504
0.002,12.5,538,815.25,14355.03564,2748.327635,16288.11328
0.002,12.6,554,845.964,14965.38063,2824.071904,16943.48853
0.002,12.7,566,870.204,15184.59473,3101.453529,17415.84425
0.002,12.8,565,875.52,15120.21314,3241.108087,17485.80123
0.002,12.9,565,882.36,15385.35195,3182.099631,17685.09158
0.002,13,547,861.12,14888.68094,3179.086316,17206.64725
0.002,13.1,544,863.028,15096.26763,3057.199797,17290.43943
0.002,13.2,504,806.256,14102.21818,2846.676357,16142.63854
0.002,13.3,510,821.94,14381.28418,2896.526279,16455.87046
0.002,13.4,491,797.568,13898.43217,2859.584254,15960.44842
0.002,13.5,484,792.18,13836.65721,2850.877889,15895.3551
0.002,13.6,466,768.672,13361.39972,2780.431063,15373.15879
0.002,13.7,472,784.188,13383.51374,3040.309885,15639.63563
0.002,13.8,468,783.288,13504.20809,2907.255935,15628.17603
0.002,13.9,465,783.96,13533.88338,2893.26066,15643.18404
0.002,14,448,761.04,13055.55974,2881.030016,15175.54976
0.002,14.1,460,785.934,13514.7423,2996.664385,15725.47269
0.002,14.2,465,800.028,13850.7882,2987.029206,16037.78941
0.002,14.3,460,797.082,13767.49774,3036.591867,16007.00761
0.002,14.4,431,752.544,13184.0179,2705.814303,15137.2882
0.002,14.5,434,762.99,13566.29988,2594.528931,15397.83881
0.002,14.6,429,759.492,13283.51992,2744.586248,15268.61416
0.002,14.7,422,752.346,13246.01863,2630.324495,15123.99713
0.002,14.8,435,780.552,13888.37301,2582.079332,15689.90035
0.002,14.9,428,773.31,13614.84719,2663.64753,15505.18472
0.002,15,423,769.5,13745.71202,2480.909713,15457.12173
0.002,15.1,421,771.006,13760.68918,2464.927767,15454.61095
0.002,15.2,405,746.928,13268.54061,2449.528309,14971.14092
0.002,15.3,420,779.382,14179.15334,2328.881667,15728.65301
0.002,15.4,429,801.108,14688.74975,2309.042264,16196.68401
0.002,15.5,402,756.09,13721.79955,2220.334672,15186.04422
0.002,15.6,408,772.2,13979.08481,2304.624331,15511.50914
0.002,15.7,404,769.614,14180.88151,2076.235034,15487.50255
0.002,15.8,436,835.188,15638.83956,2088.771202,16892.42276
0.002,15.9,420,808.992,14933.23167,2169.592836,16293.8325
0.002,16,429,831.36,15530.90738,2074.896316,16774.44369
0.002,16.1,443,863.604,16460.93656,1943.669772,17541.00233
0.002,16.2,436,855.36,16429.48174,1811.861774,17385.98351
0.002,16.3,457,901.716,17428.63528,1823.431605,18350.35089
0.002,16.4,447,887.568,17125.27145,1834.748344,18072.45179
0.002,16.5,406,811.8,15252.59963,1992.066763,16432.86639
0.002,16.6,361,727.08,13438.94432,1929.533683,14641.398
0.002,16.7,368,745.488,13619.09697,2092.195357,14965.80432
0.002,16.8,379,772.128,13951.97076,2292.450039,15472.2928
0.002,16.9,378,774.696,13967.16656,2343.874692,15536.34525
0.002,17,349,720.12,12774.73521,2319.252702,14373.86792
0.002,17.1,341,707.94,12626.59076,2256.912372,14175.56313
0.002,17.2,336,701.76,12528.63567,2233.433067,14060.30873
0.002,17.3,355,745.284,13574.75866,2167.863345,14997.33801
0.002,17.4,347,732.888,13382.45,2102.018145,14751.58015
0.002,17.5,346,735,13418.9559,2113.737318,14797.69321
0.002,17.6,342,730.752,13688.27573,1812.377055,14769.90079
0.002,17.7,342,734.904,13532.28705,2014.973275,14812.35633
0.002,17.8,333,719.832,13080.8631,2105.311535,14466.34264
0.002,17.9,346,750.726,13727.61613,2118.119694,15095.00982
0.002,18,353,770.04,13966.38016,2288.671182,15485.01134
0.002,18.1,356,780.834,14200.12296,2299.74273,15719.03169
0.002,18.2,361,796.068,14570.38219,2272.284934,16046.59912
0.002,18.3,376,833.382,15394.67244,2283.210842,16844.50128
0.002,18.4,389,866.64,16122.18436,2296.111338,17551.65569
0.002,18.5,391,875.79,16414.95435,2187.177669,17726.34202
0.002,18.6,382,860.436,16347.56475,1951.486535,17438.61529
0.002,18.7,363,822.426,15677.5095,1836.608739,16691.69224
0.002,18.8,352,802.008,15198.84406,1847.601971,16244.43803
0.002,18.9,353,808.542,15482.61845,1730.064993,16404.14144
0.002,19,336,774.06,14771.95019,1699.138292,15697.02848
0.002,19.1,350,810.222,15449.41896,1836.925684,16476.12265
0.002,19.2,343,798.336,15059.24121,1932.359419,16193.26463
0.002,19.3,317,742.278,13965.8905,1813.27669,15036.88919
0.002,19.4,316,743.796,14076.03023,1737.000541,15069.23477
0.002,19.5,314,742.95,14039.32743,1747.428555,15043.80599
0.002,19.6,273,650.328,12112.16265,1625.303354,13087.13801
0.002,19.7,269,644.19,11807.76631,1766.229102,12929.80541
0.002,19.8,271,652.212,12048.38081,1731.489595,13127.6584
0.002,19.9,279,674.61,12590.17282,1693.961419,13609.52424
0.003,2,1823,444.6,11600.1311,2316.869489,13472.40059
0.003,2.1,1749,447.93,11741.62254,2285.04718,13578.73972
0.003,2.2,1702,456.588,11985.69762,2320.221083,13849.3307
0.003,2.3,1638,459.264,12106.82783,2293.507588,13941.07142
0.003,2.4,1570,459.36,12089.68555,2313.063218,13943.38877
0.003,2.5,1524,464.4,12220.53546,2351.899991,14108.03545
0.003,2.6,1498,474.552,12412.7544,2462.430509,14400.63291
0.003,2.7,1435,472.23,12404.72236,2395.013607,14327.50596
0.003,2.8,1360,464.352,12322.93465,2247.852012,14106.43466
0.003,2.9,1346,475.716,12643.41877,2289.578955,14457.28172
0.003,3,1281,468.72,12366.52766,2327.384289,14225.19195
0.003,3.1,1249,471.882,12443.76712,2362.136025,14334.02114
0.003,3.2,1219,475.392,12663.24677,2267.754286,14455.60906
0.003,3.3,1173,472.032,12464.78548,2336.662689,14329.41617
0.003,3.4,1165,482.868,12954.57471,2227.089666,14698.79638
0.003,3.5,1130,482.16,12795.96848,2338.288834,14652.09732
0.003,3.6,1115,489.24,12986.68224,2381.572322,14879.01457
0.003,3.7,1072,483.516,12713.58919,2463.661142,14693.73433
0.003,3.8,1040,481.992,12685.78953,2437.668055,14641.46559
0.003,3.9,1013,481.806,12557.93987,2527.849938,14603.98381
0.003,4,989,482.4,12835.88911,2312.619703,14666.10881
0.003,4.1,967,483.39,12821.76906,2357.001452,14695.38051
0.003,4.2,964,493.668,13138.8742,2371.797777,15017.00397
0.003,4.3,942,493.812,13066.36311,2442.886865,15015.43797
0.003,4.4,956,512.424,13669.07091,2439.71719,15596.3641
0.003,4.5,927,508.41,13309.10881,2628.213201,15428.91201
0.003,4.6,897,502.872,13449.7892,2366.526812,15313.44401
0.003,4.7,888,508.728,13680.90627,2338.122419,15510.30069
0.003,4.8,845,494.496,13230.50158,2322.579308,15058.58489
0.003,4.9,836,499.212,13308.02472,2403.90989,15212.72261
0.003,5,841,512.4,13561.17121,2553.881773,15602.65298
0.003,5.1,839,521.118,13857.24416,2535.521877,15871.64804
0.003,5.2,816,516.984,13703.98519,2512.649336,15699.65053
0.003,5.3,789,509.436,13655.64513,2366.611878,15512.82101
0.003,5.4,760,500.256,13531.47818,2211.28542,15242.5076
0.003,5.5,763,511.5,13986.53844,2159.115837,15634.15428
0.003,5.6,734,500.976,13553.33642,2239.002095,15291.36252
0.003,5.7,696,483.93,12958.66786,2239.773289,14714.51115
0.003,5.8,729,515.388,13753.58024,2433.614968,15671.80721
0.003,5.9,718,516.132,13832.98435,2397.105602,15713.95796
0.003,6,705,515.52,13856.55812,2375.919885,15716.95801
0.003,6.1,706,524.478,14086.16137,2436.418273,15998.10165
0.003,6.2,677,511.5,13754.13894,2352.062338,15594.70127
0.003,6.3,642,493.29,13189.90667,2305.298019,15001.91469
0.003,6.4,650,506.88,13515.10732,2406.4077,15414.63502
0.003,6.5,662,524.16,13981.90539,2509.393284,15967.13868
0.003,6.6,659,529.848,14135.41919,2547.840428,16153.41162
0.003,6.7,664,541.896,14519.03511,2540.895667,16518.03477
0.003,6.8,593,492.048,13108.74357,2350.945143,14967.64071
0.003,6.9,619,520.398,13957.53378,2432.369323,15869.50511
0.003,7,602,513.66,13683.94452,2463.354185,15633.6387
0.003,7.1,589,509.922,13748.25827,2287.154278,15525.49055
0.003,7.2,583,511.92,13852.84249,2250.028589,15590.95108
0.003,7.3,579,515.088,13946.2764,2255.367236,15686.55564
0.003,7.4,588,530.136,14373.97542,2336.3442,16180.18362
0.003,7.5,567,518.4,13969.86356,2343.79935,15795.26291
0.003,7.6,584,540.36,14614.25029,2423.045252,16496.93554
0.003,7.7,574,538.23,14356.24145,2557.779729,16375.79118
0.003,7.8,556,528.372,13943.54344,2617.608814,16032.78026
0.003,7.9,566,544.626,14500.97129,2627.054593,16583.39988
0.003,8,547,533.28,14232.70655,2530.121183,16229.54774
0.003,8.1,550,542.376,14705.98942,2397.765323,16561.37874
0.003,8.2,535,534.312,14375.51494,2424.946709,16266.14965
0.003,8.3,521,526.884,13991.64042,2538.055751,16002.81217
0.003,8.4,512,524.16,13928.50997,2510.75814,15915.10811
0.003,8.5,509,526.83,14057.05476,2514.723778,16044.94854
0.003,8.6,497,520.644,13904.81947,2455.429855,15839.60532
0.003,8.7,497,526.698,14150.38903,2426.66602,16050.35705
0.003,8.8,495,530.64,14324.02486,2393.451577,16186.83644
0.003,8.9,476,516.378,13829.41159,2390.749643,15703.78324
0.003,9,472,517.86,14039.97422,2267.505903,15789.62012
0.003,9.1,437,484.848,13145.07229,2141.935069,14802.15936
0.003,9.2,444,497.904,13473.42642,2227.061661,15202.58408
0.003,9.3,457,517.824,13860.16308,2437.599008,15779.93809
0.003,9.4,483,552.72,14833.85339,2586.607221,16867.74061
0.003,9.5,474,548.34,14700.98859,2548.054198,16700.70279
0.003,9.6,461,539.136,14350.34303,2607.142176,16418.3492
0.003,9.7,446,527.292,13955.21728,2600.588865,16028.51415
0.003,9.8,448,535.08,14158.60122,2628.580063,16252.10128
0.003,9.9,440,531.036,14263.50073,2424.506327,16156.97106
0.003,10,451,549.6,14802.43961,2482.940536,16735.78014
0.003,10.1,429,527.826,13908.55596,2609.554931,15990.28489
0.003,10.2,439,545.292,14442.88239,2668.727715,16566.3181
0.003,10.3,426,534.57,14150.18624,2657.737257,16273.35349
0.003,10.4,427,541.008,14481.55547,2546.727937,16487.27541
0.003,10.5,441,563.85,15280.51031,2502.735324,17219.39563
0.003,10.6,421,543.78,14836.58592,2314.461221,16607.26714
0.003,10.7,389,507.18,13807.41407,2158.710531,15458.9446
0.003,10.8,394,518.4,14131.10062,2215.129328,15827.82995
0.003,10.9,392,520.584,14151.94643,2274.759326,15906.12176
0.003,11,391,524.04,14275.4088,2258.964835,16010.33363
0.003,11.1,381,515.484,13945.61077,2316.305055,15746.43182
0.003,11.2,385,525.504,14306.09679,2299.336362,16079.92915
0.003,11.3,381,524.772,14213.66726,2358.200446,16047.0957
0.003,11.4,371,515.736,13726.07317,2490.114838,15700.452
0.003,11.5,379,531.3,14277.46134,2434.283949,16180.44529
0.003,11.6,390,551.232,15002.60556,2379.191765,16830.56533
0.003,11.7,400,570.024,15612.40121,2359.628572,17402.00578
0.003,11.8,375,538.788,14638.73786,2340.835264,16440.78513
0.003,11.9,392,567.63,15313.95376,2558.711112,17305.03487
0.003,12,383,559.44,14975.76328,2620.558628,17036.88191
0.003,12.1,379,558.294,14954.93787,2601.524818,16998.16869
0.003,12.2,373,554.124,14584.28495,2790.285359,16820.44631
0.003,12.3,363,543.906,14203.25078,2814.209499,16473.55428
0.003,12.4,374,564.696,15008.12106,2713.496902,17156.92197
0.003,12.5,373,567.75,15046.51499,2777.244373,17256.00937
0.003,12.6,367,563.22,14829.14539,2840.42713,17106.35252
0.003,12.7,362,560.07,14645.20827,2905.302744,16990.44102
0.003,12.8,362,564.48,14666.54436,3013.526785,17115.59114
0.003,12.9,372,583.596,15212.00816,3081.003754,17709.41591
0.003,13,370,585,15364.68027,3019.960929,17799.6412
0.003,13.1,366,583.212,15123.63161,3174.468099,17714.88771
0.003,13.2,372,597.168,15826.09925,2978.557947,18207.4892
0.003,13.3,355,574.56,15096.41618,2957.307595,17479.16378
0.003,13.4,329,537.072,13750.64717,3071.531845,16285.10701
0.003,13.5,329,541.08,13858.12453,3093.076531,16410.12106
0.003,13.6,326,540.192,13861.1604,3069.766719,16390.73512
0.003,13.7,343,572.112,14817.40362,3138.793002,17384.08462
0.003,13.8,335,563.04,14579.57323,3115.932283,17132.46551
0.003,13.9,337,570.456,14571.45097,3317.456392,17318.45137
0.003,14,336,572.88,14784.60457,3199.960018,17411.68459
0.003,14.1,317,543.978,13913.49114,3174.749479,16544.26261
0.003,14.2,301,520.572,13018.57319,3292.896257,15790.89745
0.003,14.3,295,513.942,12975.45654,3172.193943,15633.70848
0.003,14.4,280,491.616,12545.57676,2902.655951,14956.61671
0.003,14.5,276,488.07,12428.93655,2872.821119,14813.68767
0.003,14.6,286,508.956,12924.6124,3036.477272,15452.13367
0.003,14.7,278,498.33,12882.66222,2762.973245,15147.30546
0.003,14.8,281,507.048,13208.05025,2736.185949,15437.1882
0.003,14.9,273,496.17,12704.21384,2854.487019,15062.53086
0.003,15,282,515.7,13348.39704,2823.259953,15655.957
0.003,15.1,283,520.95,13761.48136,2640.884207,15881.41557
0.003,15.2,274,507.984,13342.7652,2608.236988,15443.01818
0.003,15.3,267,498.474,13066.66231,2573.393138,15141.58145
0.003,15.4,288,540.54,14583.86475,2485.982497,16529.30725
0.003,15.5,293,553.35,14853.47284,2605.575882,16905.69872
0.003,15.6,277,526.968,14176.93584,2413.490731,16063.45857
0.003,15.7,292,558.606,15270.89126,2376.305222,17088.59048
0.003,15.8,285,548.892,14979.54632,2338.545336,16769.19966
0.003,15.9,275,532.332,14698.09249,2135.632271,16301.39276
0.003,16,291,566.4,15885.49366,2094.816488,17413.91015
0.003,16.1,293,573.804,16085.64366,2105.29727,17617.13693
0.003,16.2,296,583.2,16473.35416,2065.062576,17955.21674
0.003,16.3,290,575.064,16315.94731,1969.07096,17709.95427
0.003,16.4,271,541.2,15245.64207,1922.660012,16627.10208
0.003,16.5,270,542.52,15288.19674,1934.3088,16679.98554
0.003,16.6,260,525.888,14759.9566,1890.315103,16124.3837
0.003,16.7,243,494.988,13617.72655,1957.785218,15080.52377
0.003,16.8,232,475.776,12960.40435,1970.222911,14454.85126
0.003,16.9,248,511.056,14060.71492,2038.78668,15588.4456
0.003,17,230,477.36,12816.58686,2163.390681,14502.61754
0.003,17.1,225,469.908,12564.96408,2176.640787,14271.69686
0.003,17.2,221,464.4,12624.97813,1961.669442,14122.24757
0.003,17.3,240,506.544,13762.06941,2204.165767,15459.69118
0.003,17.4,232,492.768,13241.20996,2273.45094,15021.8929
0.003,17.5,220,470.4,12518.24966,2226.305563,14274.15522
0.003,17.6,225,483.648,12995.00558,2179.493466,14690.85104
0.003,17.7,227,490.644,13292.57505,2132.789638,14934.72068
0.003,17.8,223,484.872,13079.4099,2144.677489,14739.21539
0.003,17.9,220,481.152,13227.62348,1918.122095,14664.59357
0.003,18,234,513,14351.63453,1866.838835,15705.47336
0.003,18.1,246,541.914,15062.757,2053.946884,16574.78989
0.003,18.2,241,533.988,14687.76474,2187.894874,16341.67162
0.003,18.3,239,532.53,14672.27312,2199.689548,16339.43267
0.003,18.4,243,544.272,14906.24413,2335.304997,16697.27713
0.003,18.5,262,589.41,16507.97295,2226.307279,18144.87023
0.003,18.6,257,581.436,16404.22737,2112.443782,17935.23515
0.003,18.7,262,595.782,16850.87928,2123.635811,18378.73309
0.003,18.8,253,578.664,16192.36559,2196.871657,17810.57325
0.003,18.9,231,531.846,14897.43544,1956.755588,16322.34502
0.003,19,227,525.54,14814.18176,1841.305223,16129.94698
0.003,19.1,231,537.474,15251.50396,1789.343211,16503.37318
0.003,19.2,213,498.816,13929.02294,1865.165171,15295.37211
0.003,19.3,217,510.678,14363.23615,1812.079519,15664.63767
0.003,19.4,208,492.372,14053.48091,1567.888225,15128.99713
0.003,19.5,195,464.49,13076.84602,1641.350907,14253.70693
0.003,19.6,181,433.944,11935.90459,1714.315214,13216.27581
0.003,19.7,181,436.158,11909.41,1789.065454,13262.31746
0.003,19.8,183,443.124,12130.81113,1798.057905,13485.74504
0.003,19.9,181,440.586,12023.90356,1807.01004,13390.3276
0.004,2,1373,336.72,11708.43159,2272.950448,13644.66203
0.004,2.1,1316,338.94,11757.35708,2311.617125,13730.03421
0.004,2.2,1274,343.728,11916.87569,2352.628162,13925.77586
0.004,2.3,1224,345.276,11997.42555,2337.692297,13989.84184
0.004,2.4,1177,346.32,12032.6195,2352.454218,14038.75371
0.004,2.5,1143,350.4,12228.25653,2327.300496,14205.15703
0.004,2.6,1097,349.596,12165.38917,2351.654094,14167.44726
0.004,2.7,1071,354.294,12345.24386,2382.750691,14373.70055
0.004,2.8,1043,357.84,12484.90286,2395.402059,14522.46492
0.004,2.9,1003,356.7,12349.67294,2453.734665,14446.70761
0.004,3,964,354.6,12371.20001,2363.679369,14380.27938
0.004,3.1,953,362.142,12653.94952,2401.52414,14693.33166
0.004,3.2,931,364.992,12801.62805,2393.113521,14829.74957
0.004,3.3,877,355.014,12495.74938,2273.894692,14414.63007
0.004,3.4,849,353.94,12335.25611,2372.861285,14354.1774
0.004,3.5,840,360.36,12591.26845,2395.127686,14626.03614
0.004,3.6,828,365.472,12839.83495,2369.452542,14843.8155
0.004,3.7,820,371.85,13052.67242,2416.934421,15097.75684
0.004,3.8,792,368.904,12919.25559,2431.109592,14981.46119
0.004,3.9,761,363.87,12595.5605,2512.332672,14744.02317
0.004,4,735,360.72,12537.41919,2435.625436,14612.32463
0.004,4.1,740,371.952,13171.31888,2313.470436,15112.83732
0.004,4.2,724,372.708,13123.59501,2386.223094,15137.1101
0.004,4.3,704,371.262,13129.14486,2310.986576,15068.86943
0.004,4.4,687,370.656,12995.60344,2424.893852,15049.8413
0.004,4.5,684,377.19,13231.02124,2477.391936,15331.22318
0.004,4.6,685,385.848,13485.88605,2574.501862,15674.53992
0.004,4.7,656,377.88,13365.38586,2379.890406,15367.39627
0.004,4.8,640,376.416,13356.01237,2343.081799,15322.67817
0.004,4.9,648,388.668,13750.91499,2453.797689,15816.04468
0.004,5,621,380.1,13376.82598,2460.93641,15457.66239
0.004,5.1,613,382.806,13537.7859,2419.172449,15574.15235
0.004,5.2,600,382.2,13536.15161,2394.760869,15548.71248
0.004,5.3,576,374.286,13324.28531,2276.493402,15226.49271
0.004,5.4,570,377.136,13327.53935,2366.651184,15317.05454
0.004,5.5,562,378.84,13454.28246,2335.859477,15411.30193
0.004,5.6,564,387.072,13850.53362,2305.146364,15768.60798
0.004,5.7,527,368.334,13023.82031,2321.808567,14977.29488
0.004,5.8,531,377.58,13433.58194,2311.239664,15367.2416
0.004,5.9,533,385.152,13719.94318,2350.997764,15685.78894
0.004,6,522,383.76,13453.56957,2524.917583,15594.72715
0.004,6.1,510,381.372,13322.94766,2538.289302,15479.86496
0.004,6.2,513,389.484,13733.06411,2496.706149,15840.28626
0.004,6.3,506,390.474,13786.34368,2508.543207,15904.41289
0.004,6.4,484,379.776,13394.71578,2435.944952,15450.88473
0.004,6.5,477,379.86,13427.94349,2418.476341,15466.55983
0.004,6.6,499,403.128,14339.00726,2513.200145,16449.07941
0.004,6.7,489,401.196,14253.37861,2490.429936,16342.61255
0.004,6.8,469,390.864,13717.58372,2554.795485,15881.51521
0.004,6.9,457,386.262,13611.88215,2499.817007,15725.43716
0.004,7,453,388.5,13778.82995,2440.055942,15830.38589
0.004,7.1,446,388.086,13857.43109,2349.30592,15818.65101
0.004,7.2,431,380.16,13686.3223,2196.067072,15502.22937
0.004,7.3,423,378.432,13575.20745,2224.773125,15421.54858
0.004,7.4,412,373.848,13203.41506,2354.609535,15184.1766
0.004,7.5,426,391.5,13861.91067,2452.69664,15923.10732
0.004,7.6,423,393.984,13793.24698,2583.600376,15982.86336
0.004,7.7,429,404.712,14192.94245,2652.270092,16440.50054
0.004,7.8,429,409.5,14153.82085,2857.62626,16601.94711
0.004,7.9,404,391.05,13424.6076,2790.063855,15823.62145
0.004,8,413,404.64,14173.50383,2650.9565,16419.82033
0.004,8.1,407,403.866,14127.36452,2649.418673,16372.9172
0.004,8.2,404,405.408,14239.16844,2645.792823,16479.55327
0.004,8.3,401,407.364,14116.22513,2826.689996,16535.55113
0.004,8.4,395,406.224,14089.88629,2784.840059,16468.50235
0.004,8.5,377,392.7,13511.23125,2779.01361,15897.54486
0.004,8.6,371,390.612,13637.39237,2620.06789,15866.84826
0.004,8.7,374,398.286,13990.4893,2611.25227,16203.45557
0.004,8.8,386,415.536,14728.1656,2599.360695,16911.99029
0.004,8.9,387,421.326,14898.42591,2665.004083,17142.10399
0.004,9,378,416.34,15008.77495,2377.133652,16969.5686
0.004,9.1,354,394.758,14270.94051,2203.6196,16079.80211
0.004,9.2,346,389.712,13997.07407,2268.772066,15876.13413
0.004,9.3,345,392.832,13861.55381,2501.121377,15969.84319
0.004,9.4,333,383.52,13395.49726,2527.692911,15539.67017
0.004,9.5,347,403.56,14402.60877,2467.305796,16466.35457
0.004,9.6,331,389.376,13679.77807,2534.103544,15824.50561
0.004,9.7,335,398.088,14042.50066,2515.964656,16160.37732
0.004,9.8,351,421.008,14929.19117,2628.315884,17136.49906
0.004,9.9,342,414.612,14878.32011,2435.22479,16898.9329
0.004,10,340,416.4,14863.99078,2505.149622,16952.7404
0.004,10.1,322,398.748,14065.80856,2482.656989,16149.71755
0.004,10.2,313,391.068,13682.47824,2550.052231,15841.46247
0.004,10.3,319,402.318,14297.42462,2481.475356,16376.58198
0.004,10.4,315,401.232,14376.30041,2369.342999,16344.41141
0.004,10.5,317,407.61,14486.98292,2488.301119,16567.67404
0.004,10.6,309,401.316,14274.13347,2418.22804,16291.0455
0.004,10.7,302,396.114,14181.40189,2299.733854,16085.02174
0.004,10.8,292,386.208,13749.7213,2321.893071,15685.40637
0.004,10.9,299,398.94,14258.95404,2393.144927,16253.15897
0.004,11,292,393.36,14007.01521,2416.603402,16030.25861
0.004,11.1,293,398.268,14096.10312,2489.118828,16186.95395
0.004,11.2,299,409.92,14707.61485,2412.153852,16709.8487
0.004,11.3,288,398.664,14276.37564,2380.45303,16258.16467
0.004,11.4,280,391.248,13925.32001,2400.281623,15934.35363
0.004,11.5,282,397.44,14216.91685,2370.999383,16190.47623
0.004,11.6,287,407.856,14958.56587,2134.053835,16684.76371
0.004,11.7,290,415.584,15032.6507,2358.519935,16975.58663
0.004,11.8,271,392.232,13927.13686,2379.343035,15914.24789
0.004,11.9,276,401.982,14325.06645,2451.958579,16375.04303
0.004,12,275,403.92,14201.45855,2631.067425,16428.60598
0.004,12.1,273,404.382,14124.87813,2708.088408,16428.58454
0.004,12.2,276,412.116,14436.84169,2731.865966,16756.59166
0.004,12.3,270,406.638,14140.68787,2752.682195,16486.73207
0.004,12.4,283,429.288,15156.40865,2725.30255,17452.4232
0.004,12.5,275,420.75,14802.91898,2693.000787,17075.16977
0.004,12.6,273,421.092,14903.9956,2601.448428,17084.35203
0.004,12.7,269,418.338,14886.61284,2507.538021,16975.81287
0.004,12.8,264,413.952,14670.62222,2526.992125,16783.66235
0.004,12.9,270,426.474,15129.59652,2602.092519,17305.21504
0.004,13,276,438.36,15526.35626,2738.335838,17826.3321
0.004,13.1,285,455.88,16197.81311,2817.605661,18559.53877
0.004,13.2,276,445.104,15580.67894,2959.568818,18095.14376
0.004,13.3,278,451.668,15674.60222,3161.572006,18384.50623
0.004,13.4,264,432.552,14946.60952,3067.410614,17581.46813
0.004,13.5,246,406.62,13790.41255,3092.498731,16476.29128
0.004,13.6,252,419.424,14262.97524,3175.639976,17019.19121
0.004,13.7,249,417.576,13844.08786,3446.112541,16872.6244
0.004,13.8,251,423.936,14150.59923,3408.641691,17135.30492
0.004,13.9,247,420.336,13948.70226,3433.674181,16962.04044
0.004,14,261,446.88,15173.7418,3455.779031,18182.64083
0.004,14.1,248,427.23,14325.08904,3480.809156,17378.6682
0.004,14.2,249,431.964,14401.84449,3567.531886,17537.41238
0.004,14.3,245,428.142,14140.56499,3653.984324,17366.40732
0.004,14.4,224,394.848,13113.93107,3289.923073,16009.00615
0.004,14.5,218,387.15,12967.18666,3120.163355,15700.20002
0.004,14.6,220,393.324,13020.6035,3263.28104,15890.56054
0.004,14.7,219,394.254,13027.09148,3286.10586,15918.94334
0.004,14.8,214,388.056,12783.51684,3246.610585,15642.07143
0.004,14.9,207,378.162,12561.10345,3067.013887,15249.95534
0.004,15,206,378.9,12817.93198,2888.288707,15327.32069
0.004,15.1,216,399.546,13974.59522,2706.298096,16281.34731
0.004,15.2,212,394.896,13990.49802,2520.577086,16116.1791
0.004,15.3,210,393.822,13971.54507,2469.008729,16046.7318
0.004,15.4,201,379.764,13484.15126,2346.112386,15450.49965
0.004,15.5,208,395.25,14140.0235,2361.108479,16105.88198
0.004,15.6,209,399.672,14585.19317,2165.249415,16350.77059
0.004,15.7,197,379.626,13631.62861,2178.885875,15430.88849
0.004,15.8,198,383.94,13960.31112,2053.257696,15629.62881
0.004,15.9,200,390.186,14289.41239,1993.300326,15892.52671
0.004,16,211,413.76,15613.10591,1791.728025,16991.07394
0.004,16.1,208,409.584,15440.70979,1802.75598,16833.88177
0.004,16.2,210,416.016,15711.77632,1813.662558,17109.42288
0.004,16.3,206,410.76,15433.04924,1824.718832,16847.00807
0.004,16.4,198,397.536,14758.74634,1903.557533,16264.76787
0.004,16.5,199,401.94,14974.1608,1915.121671,16487.34247
0.004,16.6,195,396.408,14796.85319,1855.044994,16255.49019
0.004,16.7,181,370.74,13543.88868,1938.965483,15112.11416
0.004,16.8,179,368.928,13248.22051,2100.246585,14979.5391
0.004,16.9,177,367.068,13257.36953,2036.65649,14926.95802
0.004,17,183,381.48,13962.22953,1974.250129,15554.99966
0.004,17.1,181,379.62,13861.88241,1984.256265,15466.51868
0.004,17.2,174,367.392,13376.0172,1921.962379,14930.58758
0.004,17.3,174,369.528,13375.53159,2012.954665,15018.95826
0.004,17.4,171,365.4,13122.51514,2100.01296,14857.1281
0.004,17.5,170,365.4,13235.81101,2033.368053,14903.77906
0.004,17.6,169,365.376,13014.5016,2201.462216,14850.58781
0.004,17.7,173,375.948,13450.00198,2213.740742,15287.79472
0.004,17.8,173,378.072,13512.61469,2226.033088,15360.57578
0.004,17.9,175,384.492,13873.94952,2156.656062,15646.11358
0.004,18,175,386.64,13930.23418,2168.367081,15711.96126
0.004,18.1,176,390.96,14074.68669,2180.058805,15863.78549
0.004,18.2,174,387.66,13998.92679,2193.79123,15805.05802
0.004,18.3,175,391.986,13996.79386,2364.505634,15969.31349
0.004,18.4,183,411.792,14782.74509,2457.043963,16827.99706
0.004,18.5,190,429.57,15884.53471,2227.87472,17682.83943
0.004,18.6,184,418.5,15700.05759,1989.003323,17270.56091
0.004,18.7,183,418.506,15615.94882,2082.019132,17279.46195
0.004,18.8,190,436.536,16404.16754,2092.919407,18060.55095
0.004,18.9,184,425.25,15872.43818,2098.956141,17546.14433
0.004,19,176,409.26,15296.91404,1942.387872,16830.04191
0.004,19.1,173,404.538,15015.1792,1950.946184,16561.58738
0.004,19.2,165,388.224,14314.82339,1960.960523,15887.55992
0.004,19.3,162,383.298,14044.04752,1977.509288,15638.2588
0.004,19.4,165,392.268,14616.70762,1819.401461,16043.84109
0.004,19.5,154,368.55,13903.124,1571.154412,15105.72841
0.004,19.6,149,358.68,13476.02393,1579.146161,14696.49009
0.004,19.7,142,343.962,12809.76899,1587.015855,14052.82285
0.004,19.8,137,333.828,12440.7926,1509.203914,13616.16852
0.004,19.9,137,335.514,12485.84544,1516.699986,13667.03143
0.005,2,1096,270.48,11665.55954,2281.996493,13677.07603
0.005,2.1,1043,270.144,11687.78998,2255.101691,13672.74767
0.005,2.2,997,270.6,11642.60159,2312.420821,13684.42241
0.005,2.3,963,273.24,11705.9301,2379.487755,13812.17785
0.005,2.4,956,282.816,12169.13502,2430.713454,14317.03247
0.005,2.5,917,282.6,12184.9476,2406.278808,14308.62641
0.005,2.6,880,282.048,12125.45787,2429.999898,14273.40976
0.005,2.7,855,284.634,12342.92195,2355.11278,14413.40073
0.005,2.8,809,279.216,12165.96773,2272.141759,14158.89349
0.005,2.9,789,282.228,12186.33946,2385.910834,14290.02229
0.005,3,760,281.34,12175.19481,2348.991752,14242.84656
0.005,3.1,727,278.256,12095.2974,2273.261248,14090.30265
0.005,3.2,733,289.152,12515.75438,2416.45151,14643.05389
0.005,3.3,706,287.1,12471.27297,2363.564689,14547.73766
0.005,3.4,677,283.764,12389.48669,2283.380402,14389.1031
0.005,3.5,668,288.33,12572.44388,2331.133775,14615.24766
0.005,3.6,652,289.44,12481.5196,2457.106648,14649.18625
0.005,3.7,629,287.046,12411.14773,2398.74578,14522.84751
0.005,3.8,630,295.032,12783.32434,2465.337591,14953.62993
0.005,3.9,601,288.99,12430.98099,2486.197558,14628.18855
0.005,4,604,297.84,12981.63697,2416.911795,15100.70876
0.005,4.1,599,302.58,13227.52066,2430.646346,15355.587
0.005,4.2,568,294.084,12868.74887,2350.320088,14924.98496
0.005,4.3,572,302.892,13337.69443,2358.374776,15393.1772
0.005,4.4,551,298.848,13037.39271,2411.708962,15150.25367
0.005,4.5,542,300.78,13167.44019,2390.508772,15257.16896
0.005,4.6,526,298.356,13016.34458,2419.981679,15137.97025
0.005,4.7,532,307.944,13484.95623,2472.492801,15649.50503
0.005,4.8,501,296.64,12951.32052,2392.882677,15047.5632
0.005,4.9,502,303.114,13123.17068,2548.775302,15368.83198
0.005,5,484,298.2,12843.14896,2572.356256,15117.30522
0.005,5.1,488,306.612,13224.45132,2624.030098,15541.86942
0.005,5.2,476,305.136,13304.18671,2469.631299,15468.68201
0.005,5.3,450,294.15,13062.34352,2193.333584,14961.5271
0.005,5.4,453,301.32,13409.42267,2235.471469,15343.57414
0.005,5.5,449,304.26,13395.44275,2367.888025,15459.07077
0.005,5.6,431,297.696,13211.29985,2223.085175,15136.68902
0.005,5.7,414,291.042,12848.53057,2229.850816,14787.33938
0.005,5.8,406,290.232,12913.98722,2140.402709,14764.15793
0.005,5.9,417,303.024,13503.92428,2241.92551,15442.82579
0.005,6,404,298.8,13238.46778,2245.997555,15185.66534
0.005,6.1,403,303.048,13223.71893,2454.302673,15374.9736
0.005,6.2,401,306.156,13413.64541,2459.670977,15567.16039
0.005,6.3,396,307.314,13369.00462,2532.323731,15594.01435
0.005,6.4,383,302.208,13375.51458,2289.726086,15363.03267
0.005,6.5,383,306.54,13590.53244,2326.251695,15610.24413
0.005,6.6,381,309.672,13787.88372,2287.052296,15765.26402
0.005,6.7,385,317.58,14036.17017,2431.0687,16149.65887
0.005,6.8,350,293.76,12905.38339,2275.694624,14887.31801
0.005,6.9,346,294.768,12959.49699,2270.8031,14935.53209
0.005,7,345,297.78,13255.59442,2187.911948,15145.72637
0.005,7.1,343,300.33,13533.5897,2063.385126,15296.64483
0.005,7.2,335,297.648,13386.77763,2054.602055,15143.73169
0.005,7.3,327,294.336,13242.14966,2041.480222,14989.29388
0.005,7.4,322,293.928,13227.55145,2027.123425,14960.74687
0.005,7.5,331,306,13811.41861,2097.341425,15602.76003
0.005,7.6,322,301.872,13381.74503,2250.212946,15330.08598
0.005,7.7,323,306.768,13432.86617,2410.597612,15536.69578
0.005,7.8,327,314.028,13827.95098,2444.393628,15958.31661
0.005,7.9,311,302.886,12762.54103,2822.426106,15282.08114
0.005,8,312,307.68,13179.66634,2685.003395,15556.98974
0.005,8.1,324,323.19,13763.59245,2900.693833,16341.09628
0.005,8.2,332,335.052,14465.4777,2890.56866,17020.99436
0.005,8.3,337,343.62,15023.85552,2832.511521,17512.74704
0.005,8.4,314,324.576,14091.06152,2726.18976,16492.67528
0.005,8.5,307,321.3,13968.73785,2666.940234,16314.37808
0.005,8.6,308,325.596,14023.6268,2840.591167,16538.62197
0.005,8.7,305,326.25,14152.55253,2776.792249,16603.09478
0.005,8.8,305,330,14315.39935,2808.210441,16793.60979
0.005,8.9,302,330.546,14292.99574,2837.604123,16800.05386
0.005,9,299,331.02,14561.61567,2617.079843,16847.67551
0.005,9.1,292,327.054,14531.51288,2446.114824,16650.5737
0.005,9.2,285,322.92,14561.35558,2218.94524,16457.38082
0.005,9.3,276,316.386,14108.39937,2293.765733,16085.7791
0.005,9.4,271,313.584,14008.66864,2265.256666,15960.3413
0.005,9.5,273,319.2,14284.5477,2288.022991,16253.3707
0.005,9.6,259,306.432,13489.82804,2364.357851,15547.75389
0.005,9.7,254,303.804,13376.18966,2332.696002,15405.08167
0.005,9.8,252,304.584,13396.44336,2354.496801,15446.35616
0.005,9.9,260,317.196,13885.29888,2489.231491,16057.33437
0.005,10,266,327.6,14547.33219,2401.940756,16621.67294
0.005,10.1,258,321.18,14101.23285,2479.4066,16259.45945
0.005,10.2,246,309.06,13575.49611,2391.633019,15658.06913
0.005,10.3,257,325.686,14460.29099,2469.804025,16604.40901
0.005,10.4,245,313.872,13986.69037,2323.51288,15996.33125
0.005,10.5,233,301.77,13281.618,2287.033585,15266.88159
0.005,10.6,226,295.74,12989.73984,2249.672184,14943.67202
0.005,10.7,225,297.246,13177.67325,2153.184796,15033.61204
0.005,10.8,229,305.208,13589.00309,2172.547945,15456.34304
0.005,10.9,227,304.764,13374.35287,2377.412601,15447.00147
0.005,11,235,318.12,14189.49153,2338.966284,16210.33781
0.005,11.1,241,329.004,14693.23399,2422.685492,16786.91548
0.005,11.2,241,331.968,14808.4137,2448.004154,16924.44986
0.005,11.3,225,313.236,13715.87414,2532.297236,15934.93538
0.005,11.4,224,314.64,13829.58592,2490.796532,16005.74245
0.005,11.5,225,318.78,14009.20826,2510.327511,16200.75577
0.005,11.6,218,311.808,13883.6111,2275.974803,15847.77791
0.005,11.7,219,315.9,14065.31033,2295.409833,16044.82017
0.005,11.8,219,318.6,14021.52197,2443.117697,16146.03967
0.005,11.9,226,331.296,14550.99452,2597.82442,16817.52294
0.005,12,216,318.96,13899.70951,2618.725164,16199.47468
0.005,12.1,213,317.262,13785.5745,2639.631338,16107.94383
0.005,12.2,202,303.78,13066.16521,2596.330521,15358.71573
0.005,12.3,199,301.842,12933.92475,2620.399092,15252.48184
0.005,12.4,206,314.712,13694.60744,2571.332521,15951.22796
0.005,12.5,195,300.75,13081.29406,2453.582512,15234.12657
0.005,12.6,199,309.204,13267.02255,2685.025046,15642.84359
0.005,12.7,202,316.23,13753.64918,2564.753241,16002.17242
0.005,12.8,203,320.256,13948.98213,2584.721595,16213.44772
0.005,12.9,208,330.498,14310.99971,2746.824392,16727.3261
0.005,13,210,336.18,14596.98173,2767.876781,17028.67851
0.005,13.1,212,341.124,14889.42724,2788.722082,17337.02532
0.005,13.2,222,359.568,15904.44867,2808.34094,18353.22161
0.005,13.3,223,363.888,15959.60004,2981.553127,18577.26517
0.005,13.4,210,345.72,15207.33334,2782.801107,17644.41445
0.005,13.5,199,330.48,14407.25164,2730.381743,16807.15338
0.005,13.6,197,329.664,14020.9971,2976.858775,16668.19188
0.005,13.7,197,332.088,14029.92233,3074.720118,16772.55444
0.005,13.8,181,308.016,12669.45499,3097.829513,15459.26851
0.005,13.9,179,306.912,12421.36209,3273.955967,15388.40606
0.005,14,193,332.64,13728.00795,3374.805,16770.17295
0.005,14.1,179,311.328,12537.65158,3400.354576,15626.67816
0.005,14.2,176,308.424,12535.07978,3261.779054,15488.43483
0.005,14.3,171,301.158,12255.47254,3205.522313,15159.83685
0.005,14.4,173,306.72,12533.85318,3229.391169,15456.52435
0.005,14.5,167,298.41,12045.75971,3253.474818,15000.82453
0.005,14.6,168,302.22,11939.31606,3517.449142,15154.5452
0.005,14.7,174,314.874,12506.11721,3624.575687,15815.8189
0.005,14.8,183,333,13548.20082,3565.500531,16780.70135
0.005,14.9,179,328.098,13146.82539,3667.50348,16486.23087
0.005,15,180,332.1,13362.11772,3692.716858,16722.73457
0.005,15.1,188,348.81,14408.3158,3628.905607,17688.41141
0.005,15.2,184,343.824,14295.52203,3488.054174,17439.7522
0.005,15.3,179,336.906,13875.98072,3510.763614,17049.83833
0.005,15.4,176,333.564,13858.87111,3361.76338,16887.07049
0.005,15.5,172,328.29,13634.40916,3299.504734,16605.62389
0.005,15.6,166,319.176,13160.72861,3231.062229,16072.61484
0.005,15.7,166,321.222,13544.89231,2991.875975,16215.54628
0.005,15.8,170,330.852,14037.77184,3010.676126,16717.59596
0.005,15.9,167,327.222,14028.3764,2850.102038,16551.25643
0.005,16,193,379.2,17175.45274,2687.748418,19484.00115
0.005,16.1,179,354.522,15828.24043,2613.035239,18086.75367
0.005,16.2,182,361.584,16480.12631,2448.121723,18566.66403
0.005,16.3,178,355.992,16254.71569,2371.269821,18269.99351
0.005,16.4,160,322.752,14746.17883,2109.659488,16533.08632
0.005,16.5,156,316.8,14419.34623,2122.435404,16224.98163
0.005,16.6,151,308.76,14183.19813,1947.896269,15822.33439
0.005,16.7,144,296.592,13573.0803,1865.473508,15141.96181
0.005,16.8,139,288.288,13073.49204,1876.48903,14661.69307
0.005,16.9,139,290.004,13145.6979,1887.52382,14743.21772
0.005,17,151,316.2,14551.30851,1991.609948,16226.71846
0.005,17.1,152,320.112,14755.46089,2004.447427,16439.79632
0.005,17.2,144,305.472,14153.21095,1825.592914,15673.33186
0.005,17.3,137,292.716,13458.21533,1837.353842,15002.85317
0.005,17.4,143,306.936,14286.57102,1748.52903,15728.16405
0.005,17.5,136,294,13690.36809,1661.674435,15058.04252
0.005,17.6,140,304.128,14116.2164,1768.017247,15580.10565
0.005,17.7,135,295.236,13592.25301,1778.00704,15075.02405
0.005,17.8,140,307.584,14147.85022,1886.241505,15726.50773
0.005,17.9,136,300.72,13841.08856,1797.777532,15338.14609
0.005,18,133,295.92,13477.18505,1807.631507,14988.89656
0.005,18.1,136,304.08,13565.82063,2117.083213,15378.82384
0.005,18.2,138,309.036,13901.45396,2129.450942,15721.8689
0.005,18.3,139,312.93,14120.13589,2140.951743,15948.15763
0.005,18.4,140,316.848,14204.69234,2257.399386,16145.24372
0.005,18.5,144,327.45,14794.3862,2269.401489,16736.33769
0.005,18.6,149,340.38,15473.65431,2383.669554,17516.94387
0.005,18.7,152,348.942,15926.68011,2396.288139,17974.02625
0.005,18.8,145,335.016,15250.45285,2305.188788,17220.62564
0.005,18.9,137,318.654,14696.60506,2002.44272,16380.39378
0.005,19,137,320.34,14882.0719,1803.470509,16365.20241
0.005,19.1,141,331.194,15353.1065,1918.091226,16940.00372
0.005,19.2,140,330.624,15052.26804,2137.588308,16859.23235
0.005,19.3,139,330.03,15131.58496,2038.713491,16840.26845
0.005,19.4,128,306.132,13935.64757,1944.182148,15573.69771
0.005,19.5,118,284.31,13015.60942,1741.406569,14472.70599
0.005,19.6,116,281.064,12842.97307,1750.02914,14311.93821
0.005,19.7,111,270.678,12392.60604,1652.35967,13774.28771
0.005,19.8,110,269.676,12343.39861,1660.597295,13734.31991
0.005,19.9,110,271.038,12537.5283,1559.46351,13825.95381
0.006,2,898,222.96,11414.17565,2294.438704,13485.65435
0.006,2.1,867,225.918,11495.2761,2394.701325,13664.05943
0.006,2.2,827,225.852,11593.30888,2301.702156,13669.15903
0.006,2.3,791,225.906,11516.31545,2360.060894,13650.47034
0.006,2.4,764,227.52,11673.76091,2318.537229,13764.77814
0.006,2.5,739,229.35,11779.09478,2314.65059,13864.39537
0.006,2.6,723,233.22,11934.34002,2405.943934,14107.06396
0.006,2.7,693,232.146,11985.27136,2319.27916,14072.40452
0.006,2.8,668,232.176,11925.7169,2366.915553,14060.45645
0.006,2.9,643,231.594,11877.47868,2374.46507,14020.34975
0.006,3,635,236.34,12211.39094,2354.689066,14329.74
0.006,3.1,609,234.174,12159.67283,2288.007595,14213.50643
0.006,3.2,588,233.472,12188.25033,2211.593866,14166.37219
0.006,3.3,578,236.61,12230.23429,2347.119813,14340.74411
0.006,3.4,564,237.864,12340.12986,2325.075314,14427.34118
0.006,3.5,549,238.35,12350.28228,2348.642198,14460.57448
0.006,3.6,526,235.008,11994.42051,2461.73064,14221.14315
0.006,3.7,510,234.21,12085.31493,2333.489388,14184.59432
0.006,3.8,507,239.172,12293.92679,2421.298114,14476.0529
0.006,3.9,476,230.724,11873.92263,2303.990456,13947.18908
0.006,4,492,244.08,12573.82383,2444.201895,14773.94572
0.006,4.1,471,239.604,12288.35204,2450.564795,14499.31284
0.006,4.2,471,245.196,12530.20055,2565.385573,14850.39012
0.006,4.3,467,248.712,12935.8553,2423.310286,15110.45359
0.006,4.4,445,242.88,12785.3092,2216.915051,14759.34425
0.006,4.5,438,244.62,12696.65901,2385.147173,14837.18619
0.006,4.6,422,240.948,12538.06716,2314.389717,14611.50888
0.006,4.7,415,241.956,12348.06373,2523.529736,14629.63747
0.006,4.8,399,237.888,12239.24471,2386.664932,14388.02164
0.006,4.9,409,248.136,12694.91885,2598.720986,15045.50383
0.006,5,387,240,12168.23356,2585.549129,14513.78269
0.006,5.1,388,245.412,12593.32187,2500.858759,14848.76863
0.006,5.2,387,249.6,12853.24652,2513.771365,15117.41788
0.006,5.3,383,251.538,12929.78047,2559.064144,15237.30662
0.006,5.4,376,251.748,13168.97774,2356.446174,15273.67592
0.006,5.5,365,248.82,12912.93628,2436.179935,15100.29621
0.006,5.6,360,249.984,12970.43376,2440.840424,15161.29019
0.006,5.7,353,249.66,12938.07083,2447.094987,15135.50582
0.006,5.8,339,243.948,12851.08355,2218.412139,14825.54769
0.006,5.9,324,237.534,12286.99733,2335.0249,14384.48823
0.006,6,320,238.32,12352.67963,2334.829337,14449.18897
0.006,6.1,326,246.684,12828.3686,2372.670965,14954.35557
0.006,6.2,326,250.356,13230.37942,2244.143567,15224.16699
0.006,6.3,326,254.394,13213.92576,2491.419339,15450.9511
0.006,6.4,319,253.056,13088.83548,2531.702392,15367.48188
0.006,6.5,310,249.99,12978.46134,2443.210585,15171.68193
0.006,6.6,310,253.44,13218.18142,2435.056472,15399.79789
0.006,6.7,305,253.26,13312.11544,2333.716542,15392.57198
0.006,6.8,286,241.536,12657.66263,2230.873221,14646.99985
0.006,6.9,284,243.432,12676.37136,2308.147504,14741.08687
0.006,7,281,244.02,12806.07451,2248.301808,14810.35632
0.006,7.1,283,249.21,13218.0055,2188.387568,15157.18307
0.006,7.2,271,242.352,12948.28221,2029.386088,14735.3163
0.006,7.3,271,245.28,13135.88018,2056.897961,14947.49814
0.006,7.4,261,239.76,12799.83114,2035.340846,14595.41198
0.006,7.5,265,246.6,13215.88805,2062.395675,15031.68372
0.006,7.6,267,251.712,13398.53954,2190.536005,15337.36354
0.006,7.7,255,243.936,12836.89504,2220.241722,14813.20076
0.006,7.8,272,262.548,13754.74838,2457.397535,15949.59792
0.006,7.9,248,243.162,12535.94416,2436.942049,14729.72421
0.006,8,248,246.24,12493.69804,2626.538166,14873.99621
0.006,8.1,249,250.29,12706.92494,2663.73756,15120.3725
0.006,8.2,251,255.348,13030.23796,2696.639935,15471.5299
0.006,8.3,258,264.936,13520.10459,2838.04824,16093.21683
0.006,8.4,249,259.056,12957.7208,2985.401681,15684.06648
0.006,8.5,249,262.14,13303.61878,2851.630334,15893.10912
0.006,8.6,242,258,13168.54084,2713.650222,15624.19106
0.006,8.7,230,248.472,12672.78089,2629.053005,15053.3619
0.006,8.8,229,250.272,12881.55289,2541.317351,15172.59825
0.006,8.9,226,249.378,12691.80126,2685.594966,15128.01823
0.006,9,214,239.22,12132.44972,2595.982806,14489.21253
0.006,9.1,212,239.694,12112.54754,2627.156276,14500.00982
0.006,9.2,227,258.888,13310.8943,2657.716869,15709.72317
0.006,9.3,218,251.658,13084.71751,2436.806406,15269.86592
0.006,9.4,222,258.876,13658.50307,2337.332775,15736.95984
0.006,9.5,227,266.76,14154.14565,2360.223777,16247.60943
0.006,9.6,220,261.504,13850.04386,2319.875677,15908.41554
0.006,9.7,217,260.736,13922.16026,2212.566392,15873.99065
0.006,9.8,211,256.368,13612.44788,2234.215066,15590.29494
0.006,9.9,207,254.232,13566.90478,2121.995497,15434.66828
0.006,10,201,249.6,13294.32535,2076.666638,15121.39199
0.006,10.1,206,258.156,13746.93847,2163.837532,15652.62
0.006,10.2,204,257.652,13411.51916,2457.142069,15611.00923
0.006,10.3,204,260.178,13448.97998,2550.97484,15739.77682
0.006,10.4,201,258.96,13749.08245,2227.393897,15717.51635
0.006,10.5,193,251.37,13362.15514,2109.026119,15219.81126
0.006,10.6,188,247.404,13088.16482,2128.827817,14969.58864
0.006,10.7,189,251.022,13408.48071,2081.272512,15238.73122
0.006,10.8,187,250.776,13220.0285,2245.448292,15214.70079
0.006,10.9,188,253.752,13354.03289,2336.527825,15436.80871
0.006,11,181,246.84,13017.4067,2212.411081,14982.97778
0.006,11.1,183,251.748,13214.37671,2308.615104,15271.24382
0.006,11.2,181,251.328,13416.73971,2105.091048,15270.50275
0.006,11.3,179,250.86,13268.35932,2199.631343,15217.13066
0.006,11.4,185,261.288,13799.68185,2374.227246,15912.6211
0.006,11.5,176,251.16,13198.32416,2318.252329,15265.41649
0.006,11.6,177,254.736,13497.66824,2261.638779,15504.57102
0.006,11.7,178,258.336,13699.50823,2280.135294,15721.30752
0.006,11.8,172,252.048,13138.32093,2376.571188,15262.84412
0.006,11.9,167,247.044,12619.17102,2555.081478,14927.2085
0.006,12,164,244.08,12452.74882,2575.576421,14784.24524
0.006,12.1,170,254.826,12837.0957,2842.601855,15424.87156
0.006,12.2,160,242.292,12257.87986,2623.669552,14639.25741
0.006,12.3,159,242.802,12347.15589,2564.949664,14669.30356
0.006,12.4,156,240.312,12060.06369,2669.669567,14489.42126
0.006,12.5,156,242.25,12236.07228,2609.891615,14603.71389
0.006,12.6,159,248.724,12435.68365,2798.468186,14985.42784
0.006,12.7,154,243.078,12225.86751,2650.954189,14633.7437
0.006,12.8,154,244.992,12316.40713,2671.568274,14742.9834
0.006,12.9,158,253.098,12834.03027,2691.929822,15272.86209
0.006,13,166,267.54,13752.94555,2712.604829,16198.01037
0.006,13.1,171,277.458,14300.76029,2819.79347,16843.09576
0.006,13.2,183,297.792,15332.49552,3104.729505,18139.43303
0.006,13.3,185,303.24,15776.42333,3039.683376,18512.8667
0.006,13.4,184,303.912,15996.19473,2884.302583,18576.58531
0.006,13.5,169,281.88,14504.76643,2905.504018,17128.39044
0.006,13.6,167,280.704,14622.64822,2749.753945,17091.69816
0.006,13.7,169,286.056,14922.76473,2769.386293,17406.09502
0.006,13.8,155,264.96,13482.35712,2789.312605,16006.70972
0.006,13.9,153,263.544,13258.4704,2900.835497,15895.76189
0.006,14,145,252,12397.11232,3016.128348,15161.24067
0.006,14.1,147,257.184,12491.40025,3225.84236,15460.05861
0.006,14.2,144,253.896,12373.09549,3150.945172,15270.14466
0.006,14.3,145,257.4,12337.3605,3365.14806,15445.10856
0.006,14.4,140,250.56,11750.37059,3485.299107,14985.1097
0.006,14.5,134,241.86,11376.3405,3315.254638,14449.73514
0.006,14.6,143,258.42,12368.92415,3434.325564,15544.82972
0.006,14.7,145,263.718,12582.48897,3557.83322,15876.60419
0.006,14.8,145,265.512,12664.72617,3580.486634,15979.70081
0.006,14.9,156,286.974,13912.03688,3704.792786,17329.85567
0.006,15,153,283.5,13776.53669,3631.85236,17124.88905
0.006,15.1,149,278.142,13642.3152,3452.153982,16816.32718
0.006,15.2,153,287.28,13856.76703,3778.727875,17348.21491
0.006,15.3,153,289.17,13824.6536,3906.805127,17442.28873
0.006,15.4,155,294.756,14424.25032,3726.058188,17855.55251
0.006,15.5,148,283.65,13637.21219,3751.227958,17104.79015
0.006,15.6,144,277.992,13592.14322,3459.833219,16773.98444
0.006,15.7,138,268.47,13189.78976,3274.982623,16196.30238
0.006,15.8,141,275.868,13643.82034,3295.539477,16663.49182
0.006,15.9,147,289.062,14718.76801,3100.970352,17530.67636
0.006,16,143,283.2,14314.45968,3118.794236,17150.05392
0.006,16.1,144,286.902,15044.27201,2706.990419,17464.36043
0.006,16.2,138,277.02,14653.50412,2506.476979,16882.9611
0.006,16.3,137,276.774,14894.66616,2303.16067,16921.05283
0.006,16.4,129,261.744,13801.36998,2420.86631,15960.4923
0.006,16.5,126,257.4,13526.25019,2435.541572,15704.39177
0.006,16.6,127,260.952,13883.08559,2337.47556,15959.60915
0.006,16.7,123,254.508,13601.28824,2238.56826,15585.3485
0.006,16.8,114,237.888,12402.679,2251.786861,14416.57786
0.006,16.9,120,251.472,13282.09403,2265.028598,15295.65063
0.006,17,120,252.96,13483.5177,2162.746273,15393.30397
0.006,17.1,118,250.344,13330.74107,2175.3693,15255.76637
0.006,17.2,115,245.616,12978.53365,2187.762077,14920.67973
0.006,17.3,111,238.74,12648.05647,2085.354464,14494.67094
0.006,17.4,105,227.592,12184.20821,1864.069814,13820.68602
0.006,17.5,105,228.9,12534.10936,1640.512642,13945.722
0.006,17.6,107,234.432,12874.93997,1649.468284,14289.97625
0.006,17.7,107,235.764,12811.01912,1775.830183,14351.08531
0.006,17.8,108,239.232,13029.40508,1785.630848,14575.80393
0.006,17.9,112,249.168,13853.39065,1676.821702,15281.04435
0.006,18,105,235.44,12807.69359,1686.067368,14258.32095
0.006,18.1,108,243.264,13191.77019,1816.74279,14765.24898
0.006,18.2,112,253.344,13861.83876,1826.534896,15435.02966
0.006,18.3,108,245.952,13386.14075,1836.385223,14976.57397
0.006,18.4,110,251.712,13442.83609,2089.518709,15280.64279
0.006,18.5,120,275.28,15037.5224,2100.620636,16862.86303
0.006,18.6,123,282.348,15278.46739,2361.845003,17357.96439
0.006,18.7,123,283.866,15358.04765,2374.34506,17448.52671
0.006,18.8,119,276.36,15154.10025,2138.034354,17015.7746
0.006,18.9,111,259.686,14319.76304,1894.244963,15954.322
0.006,19,109,256.5,14243.86042,1780.662345,15768.02277
0.006,19.1,107,253.266,13965.34732,1789.920233,15502.00155
0.006,19.2,102,243.072,13225.26234,1799.130835,14781.32117
0.006,19.3,109,260.55,13771.06976,2318.995709,15829.51547
0.006,19.4,105,252.588,13380.71955,2204.904651,15333.0362
0.006,19.5,102,246.87,13158.06453,2089.687874,15000.88241
0.006,19.6,103,250.488,13396.59686,2100.034963,15246.14382
0.006,19.7,101,247.038,13323.75931,1982.831613,15059.55292
0.006,19.8,101,248.292,13415.07003,1992.716765,15159.49479
0.006,19.9,102,251.934,13802.11101,1871.356224,15421.53324
0.007,2,751,187.68,11217.90735,2173.680183,13203.90753
0.007,2.1,726,190.512,11294.99282,2283.240457,13387.72128
0.007,2.2,709,194.7,11649.81996,2253.74411,13708.86407
0.007,2.3,670,192.51,11455.65595,2265.487033,13528.63299
0.007,2.4,642,192.384,11409.11109,2310.023106,13526.7502
0.007,2.5,626,195.45,11601.53934,2326.489986,13732.57932
0.007,2.6,605,196.404,11736.93847,2277.355801,13817.89027
0.007,2.7,584,196.83,11789.02868,2260.017685,13852.21637
0.007,2.8,555,194.208,11561.52119,2278.823203,13646.13639
0.007,2.9,552,199.926,11978.71861,2293.183898,14071.97651
0.007,3,529,198.18,11732.52359,2394.305126,13928.64871
0.007,3.1,522,201.996,11961.28218,2450.642962,14209.92914
0.007,3.2,499,199.296,12082.62049,2177.812455,14061.13695
0.007,3.3,485,199.782,12006.65146,2271.591405,14078.46087
0.007,3.4,475,201.756,12048.91731,2336.669952,14183.83126
0.007,3.5,459,200.76,12061.30455,2270.816795,14131.36134
0.007,3.6,460,206.496,12482.93327,2309.396178,14585.83345
0.007,3.7,432,199.578,12017.84745,2255.690328,14073.95978
0.007,3.8,435,206.34,12588.31285,2198.419123,14580.39198
0.007,3.9,414,201.708,12151.14358,2257.685438,14207.12102
0.007,4,406,202.8,12168.76416,2313.638182,14279.60234
0.007,4.1,399,204.426,12433.36291,2180.826036,14409.76294
0.007,4.2,396,207.648,12398.42612,2428.915252,14619.69337
0.007,4.3,399,213.624,12878.895,2423.426399,15088.6974
0.007,4.4,379,208.032,12577.85421,2307.570483,14677.3927
0.007,4.5,372,208.98,12579.82017,2359.231723,14730.07189
0.007,4.6,366,210.312,12600.60965,2410.618223,14800.91587
0.007,4.7,349,204.732,12228.32057,2389.864713,14413.45328
0.007,4.8,337,202.176,12146.39866,2290.87454,14235.0972
0.007,4.9,338,206.682,12448.81181,2336.12686,14578.25667
0.007,5,317,198.3,11796.25722,2345.761439,13943.71866
0.007,5.1,320,203.796,12067.98426,2474.23189,14338.42015
0.007,5.2,326,211.536,12688.31796,2441.499785,14918.28174
0.007,5.3,317,209.562,12576.79665,2405.328981,14772.56363
0.007,5.4,308,207.684,12425.58388,2408.733923,14626.6338
0.007,5.5,297,204.27,12004.26052,2538.105194,14338.09571
0.007,5.6,298,208.32,12371.12914,2497.335374,14660.14452
0.007,5.7,301,214.092,12650.33408,2629.682315,15065.92439
0.007,5.8,299,216.108,13115.9749,2358.959262,15258.82616
0.007,5.9,281,207.09,12326.46757,2445.400885,14564.77845
0.007,6,276,207,12420.29586,2345.592506,14558.88837
0.007,6.1,274,208.62,12668.70356,2241.104802,14701.18836
0.007,6.2,271,209.436,12772.68204,2229.674125,14792.92017
0.007,6.3,267,209.79,12812.36068,2213.630125,14816.20081
0.007,6.4,264,210.816,12915.9215,2198.497729,14903.60323
0.007,6.5,264,214.11,13240.97319,2132.846858,15159.71005
0.007,6.6,259,213.048,12961.01963,2322.042739,15070.01437
0.007,6.7,249,208.236,12469.83346,2403.869355,14665.46681
0.007,6.8,239,203.184,12348.99486,2175.512551,14321.32341
0.007,6.9,242,208.656,12842.88159,2099.094099,14733.31969
0.007,7,230,201.18,12311.42763,2077.23669,14187.48432
0.007,7.1,240,212.574,13130.08888,2106.666479,15024.18136
0.007,7.2,238,213.84,13257.3816,2083.766824,15127.30842
0.007,7.3,232,211.554,12973.16632,2168.522287,14930.13461
0.007,7.4,228,210.456,12939.9969,2140.220333,14869.76124
0.007,7.5,222,207.9,12725.49233,2169.004431,14686.59676
0.007,7.6,222,210.672,12892.54121,2197.221716,14879.09092
0.007,7.7,231,221.76,13625.98982,2287.606024,15691.83584
0.007,7.8,217,211.536,12791.13876,2315.416995,14895.01976
0.007,7.9,212,209.034,12599.75023,2344.944802,14735.66104
0.007,8,207,206.88,12447.578,2312.602599,14553.3006
0.007,8.1,214,216.27,12824.82243,2599.1501,15207.70253
0.007,8.2,210,215.004,12758.72505,2567.115106,15110.83615
0.007,8.3,216,223.602,13470.02802,2531.175311,15777.60133
0.007,8.4,208,217.728,12543.4256,2957.246028,15282.94362
0.007,8.5,209,221.34,12777.57913,2993.024329,15549.26346
0.007,8.6,201,215.688,12531.29727,2827.584339,15143.19361
0.007,8.7,200,217.152,12598.32603,2859.974243,15241.14827
0.007,8.8,201,220.704,12988.47084,2755.150247,15522.91708
0.007,8.9,196,217.338,12660.46179,2851.76196,15294.88575
0.007,9,198,221.94,13143.93541,2743.859502,15665.85491
0.007,9.1,195,221.13,13205.99298,2634.767067,15619.63005
0.007,9.2,186,213.624,12675.1871,2596.466633,15058.02974
0.007,9.3,186,215.946,12799.35334,2623.163514,15206.57085
0.007,9.4,187,219.396,13090.13288,2578.827379,15449.56426
0.007,9.5,178,211.47,12374.17931,2680.676831,14843.38614
0.007,9.6,189,225.792,13525.5889,2632.844576,15932.64148
0.007,9.7,189,228.144,13855.00145,2506.910089,16133.76754
0.007,9.8,186,226.968,13809.58339,2456.29331,16038.9087
0.007,9.9,186,229.284,14124.99696,2321.133175,16216.84614
0.007,10,177,220.8,13622.85149,2188.68129,15590.73278
0.007,10.1,171,215.736,13205.97096,2208.643617,15198.87857
0.007,10.2,162,206.856,12601.97117,2151.567955,14546.68313
0.007,10.3,158,203.322,12343.56293,2171.770589,14312.01152
0.007,10.4,164,212.784,12753.10912,2435.866529,14976.19165
0.007,10.5,163,213.57,12854.92472,2376.409715,15017.76443
0.007,10.6,160,211.788,12799.81388,2316.154857,14904.18074
0.007,10.7,157,209.934,12826.22354,2173.488647,14789.77819
0.007,10.8,158,213.192,13036.85412,2193.315864,15016.97798
0.007,10.9,157,213.858,12965.8635,2297.729872,15049.73537
0.007,11,153,210.54,12786.03055,2232.967273,14808.45782
0.007,11.1,152,211.122,12708.37889,2339.45457,14836.71146
0.007,11.2,147,205.632,12623.06991,2099.513976,14516.95188
0.007,11.3,146,206.112,12619.77967,2118.556265,14532.22394
0.007,11.4,142,202.464,12326.91941,2136.648194,14261.1036
0.007,11.5,140,201.48,12416.33972,1976.033916,14190.89363
0.007,11.6,140,203.232,12641.34556,1904.022675,14342.13624
0.007,11.7,140,204.984,12870.35654,1828.200469,14493.57301
0.007,11.8,136,201.072,12554.33062,1843.549818,14196.80844
0.007,11.9,143,212.772,12801.86382,2414.540897,15003.63272
0.007,12,139,208.8,12460.11142,2434.433813,14685.74524
0.007,12.1,144,217.074,13010.74159,2547.239429,15340.90702
0.007,12.2,140,213.012,12764.3285,2474.021794,15025.33829
0.007,12.3,140,214.758,12854.02134,2496.033425,15135.29676
0.007,12.4,137,212.04,12733.54698,2420.798627,14942.30561
0.007,12.5,135,210.75,12830.42517,2250.259822,14869.93499
0.007,12.6,132,207.9,12562.34319,2270.064255,14624.50744
0.007,12.7,130,206.502,12409.85858,2290.014165,14493.37074
0.007,12.8,127,203.52,12264.03718,2208.786465,14269.30364
0.007,12.9,134,215.946,12498.81486,2833.050051,15115.91891
0.007,13,136,220.74,12860.42477,2854.847879,15494.53265
0.007,13.1,148,241.302,14428.34393,2876.428644,17063.47057
0.007,13.2,145,238.392,14185.20044,2897.520298,16844.32874
0.007,13.3,145,239.4,14154.6941,3025.325937,16940.62004
0.007,13.4,145,241.2,14247.71543,3050.86471,17057.38014
0.007,13.5,143,239.76,14082.4524,3073.468385,16916.16079
0.007,13.6,143,241.536,14302.40295,2993.003237,17053.87018
0.007,13.7,142,241.668,14386.98472,2906.145486,17051.46221
0.007,13.8,135,231.84,13584.52765,2927.040377,16279.72803
0.007,13.9,134,231.852,13417.97457,3057.536726,16243.6593
0.007,14,129,225.12,12877.153,3079.196748,15731.22975
0.007,14.1,131,230.112,13281.87289,3100.89096,16152.65185
0.007,14.2,126,223.224,12580.17585,3234.482465,15591.43432
0.007,14.3,124,221.364,12281.42466,3366.986592,15427.04726
0.007,14.4,121,217.728,12107.53958,3278.84258,15168.65416
0.007,14.5,130,234.9,13521.831,3188.199738,16475.13074
0.007,14.6,131,238.272,13205.00499,3663.938982,16630.67197
0.007,14.7,133,242.55,13701.40052,3569.212555,17028.06307
0.007,14.8,131,240.648,13793.461,3364.154632,16916.96763
0.007,14.9,133,245.85,14191.19047,3386.479682,17331.82015
0.007,15,130,242.1,13891.89583,3408.97566,17058.77149
0.007,15.1,122,229.218,12888.55483,3431.400379,16090.73721
0.007,15.2,125,236.208,13402.02215,3453.768978,16619.58313
0.007,15.3,121,230.418,12929.98917,3478.97481,16178.54598
0.007,15.4,117,224.532,12696.21826,3256.864894,15728.55115
0.007,15.5,118,227.85,12934.20082,3279.33655,15985.68737
0.007,15.6,120,233.064,13174.001,3421.095114,16362.03212
0.007,15.7,118,230.79,13117.06172,3322.23471,16208.50643
0.007,15.8,117,230.364,13054.08708,3343.145465,16166.86855
0.007,15.9,115,228.006,12976.79146,3241.851812,15990.63727
0.007,16,121,240.96,13952.8703,3262.073362,16973.98366
0.007,16.1,121,242.466,14294.08692,3033.144164,17084.76508
0.007,16.2,119,240.084,14234.04737,2924.223154,16918.18652
0.007,16.3,116,235.698,14173.57043,2687.020793,16624.89322
0.007,16.4,115,235.176,14280.86628,2571.713427,16617.40371
0.007,16.5,113,231.66,14082.56677,2587.303365,16438.21013
0.007,16.6,111,229.08,14025.56658,2467.559873,16264.04646
0.007,16.7,107,222.444,13653.22615,2350.663822,15781.44597
0.007,16.8,103,215.712,13099.87206,2364.536767,15248.69683
0.007,16.9,103,216.996,13006.43079,2509.495539,15298.93033
0.007,17,103,218.28,13231.49456,2389.421846,15402.6364
0.007,17.1,99,211.356,12695.6621,2403.394037,14887.70013
0.007,17.2,99,212.592,12792.98638,2417.065534,14997.45991
0.007,17.3,98,211.752,12863.07726,2301.018683,14952.34395
0.007,17.4,99,215.064,13268.84267,2174.74812,15228.52679
0.007,17.5,91,199.5,12368.73623,1913.931424,14083.16765
0.007,17.6,91,200.64,12441.2658,1924.379681,14165.00548
0.007,17.7,96,212.4,13341.45292,1934.870078,15063.92299
0.007,17.8,97,215.736,13563.84444,1945.604686,15293.71312
0.007,17.9,95,212.652,13460.91188,1817.864308,15066.12419
0.007,18,90,203.04,12627.20468,1827.867498,14252.03218
0.007,18.1,92,208.512,12894.62457,1977.318852,14663.43142
0.007,18.2,93,211.848,13156.67706,1987.957241,14932.7863
0.007,18.3,92,210.816,13064.1267,1998.775008,14852.08571
0.007,18.4,94,216.384,13505.23966,2008.902604,15297.75827
0.007,18.5,97,224.22,14144.32348,2019.706601,15939.81008
0.007,18.6,100,231.012,14565.65237,2175.27744,16509.91781
0.007,18.7,100,232.254,14633.95568,2186.741449,16588.44313
0.007,18.8,95,222.216,13850.87701,2198.324733,15826.98574
0.007,18.9,90,212.058,13381.56553,1913.094392,15082.60192
0.007,19,93,220.02,14152.3165,1776.553483,15708.84999
0.007,19.1,90,214.302,13683.18085,1785.351572,15254.23042
0.007,19.2,87,208.512,13169.18197,1794.509467,14755.17944
0.007,19.3,82,198.018,12359.0499,1803.659258,13964.69116
0.007,19.4,80,194.388,12067.05753,1812.761605,13685.43114
0.007,19.5,84,204.75,12858.73204,1822.020421,14476.00247
0.007,19.6,84,205.8,13106.69201,1677.487463,14578.37948
0.007,19.7,81,199.758,12812.06214,1536.496973,14148.80111
0.007,19.8,82,203.148,12881.54082,1699.382913,14377.77574
0.007,19.9,83,206.562,13130.74326,1707.901566,14632.08282
0.008,2,647,162.84,10950.484,2215.705138,13003.34914
0.008,2.1,631,166.572,11287.72084,2214.043027,13335.19187
0.008,2.2,602,166.584,11293.19886,2200.109391,13326.72425
0.008,2.3,578,167.256,11294.63337,2238.65082,13366.0282
0.008,2.4,556,167.76,11330.17439,2249.905248,13412.31964
0.008,2.5,535,168.15,11432.97189,2187.584502,13452.40639
0.008,2.6,513,167.544,11357.09317,2229.293779,13418.84295
0.008,2.7,509,172.53,11703.65535,2290.312804,13821.43816
0.008,2.8,483,170.016,11445.49705,2327.223138,13602.70419
0.008,2.9,478,174.174,11732.04224,2384.832626,13942.70086
0.008,3,455,171.54,11630.25669,2279.474536,13738.19122
0.008,3.1,449,174.84,11815.16665,2355.309832,13995.63648
0.008,3.2,427,171.84,11531.43002,2372.916107,13732.50613
0.008,3.3,425,176.22,11830.19139,2448.2745,14102.24589
0.008,3.4,401,171.564,11685.962,2215.489902,13729.8879
0.008,3.5,384,169.26,11399.22462,2282.306014,13512.27063
0.008,3.6,394,177.984,12103.6202,2348.466209,14274.10241
0.008,3.7,382,177.378,12052.94475,2345.931291,14221.49804
0.008,3.8,371,177.156,12053.10691,2306.740784,14182.69169
0.008,3.9,351,172.224,11723.6101,2230.462446,13781.84855
0.008,4,344,173.28,11693.95999,2321.638724,13842.31871
0.008,4.1,345,177.858,12105.26969,2307.336659,14234.74835
0.008,4.2,335,176.652,11851.46408,2477.885437,14152.69752
0.008,4.3,325,175.698,11820.68985,2422.14185,14067.1337
0.008,4.4,320,177.144,12054.71925,2320.686902,14198.26215
0.008,4.5,316,178.74,12225.78883,2292.943489,14339.99232
0.008,4.6,315,182.16,12283.22857,2467.978028,14569.0466
0.008,4.7,308,181.608,12189.04354,2518.9932,14526.42874
0.008,4.8,302,182.016,12310.94688,2443.783684,14572.71456
0.008,4.9,303,186.102,12669.79299,2449.44336,14933.13435
0.008,5,287,180.3,12202.71117,2411.570214,14433.98138
0.008,5.1,278,178.092,12225.1812,2232.097855,14279.18706
0.008,5.2,273,178.464,12143.9127,2321.796686,14287.24538
0.008,5.3,272,180.942,12492.0387,2224.39283,14535.48953
0.008,5.4,268,181.764,12509.38771,2267.41074,14595.03445
0.008,5.5,256,177.21,12100.50134,2261.91219,14185.20353
0.008,5.6,259,182.112,12145.05822,2602.178,14565.12422
0.008,5.7,261,186.732,12503.31247,2648.1345,14964.71497
0.008,5.8,252,183.396,12290.81917,2592.446664,14699.86984
0.008,5.9,242,179.478,12005.17578,2530.859294,14356.55708
0.008,6,239,180.36,12027.54239,2573.952514,14421.1349
0.008,6.1,233,178.974,11969.0891,2506.228441,14296.34355
0.008,6.2,234,182.28,12329.91964,2437.952835,14585.59248
0.008,6.3,231,182.952,12391.33867,2419.497855,14627.88452
0.008,6.4,234,187.776,12940.76769,2342.122768,15095.11446
0.008,6.5,228,186.03,12870.8975,2263.086542,14947.95405
0.008,6.6,219,181.368,12543.53944,2240.732471,14602.90391
0.008,6.7,213,179.292,12307.88873,2269.925963,14398.52269
0.008,6.8,207,177.072,12204.09626,2182.09253,14209.11679
0.008,6.9,208,180.504,12431.44624,2213.417327,14464.35957
0.008,7,201,176.82,12174.77682,2184.598644,14182.55546
0.008,7.1,205,182.754,12656.83999,2215.43319,14689.51918
0.008,7.2,198,179.28,12617.17975,1991.552543,14429.45229
0.008,7.3,200,183.522,12950.28703,2018.60009,14785.36512
0.008,7.4,198,184.26,12943.99864,2046.147947,14805.88659
0.008,7.5,193,182.25,12741.7383,2073.545685,14633.03398
0.008,7.6,187,178.752,12425.04028,2100.480086,14346.76837
0.008,7.7,191,184.8,13069.15887,1989.829661,14874.18853
0.008,7.8,176,173.16,11915.66095,2083.91383,13826.41478
0.008,7.9,179,177.75,12083.30375,2324.383826,14229.93758
0.008,8,180,180.96,12406.8787,2280.569283,14506.48799
0.008,8.1,185,188.082,12803.41241,2461.997919,15077.32833
0.008,8.2,178,183.516,12456.82538,2419.140077,14692.44945
0.008,8.3,178,185.754,12541.26845,2521.947721,14877.46217
0.008,8.4,177,186.48,12614.12376,2550.660667,14978.30443
0.008,8.5,177,188.7,12766.08674,2580.665963,15158.05271
0.008,8.6,171,184.728,12363.66099,2612.628386,14791.56138
0.008,8.7,171,186.876,12505.37477,2641.951986,14960.45076
0.008,8.8,167,184.8,12295.51135,2672.522013,14783.23337
0.008,8.9,169,189.036,12525.06974,2781.330488,15117.36423
0.008,9,165,186.84,12452.23803,2650.782257,14916.18029
0.008,9.1,169,193.284,13103.31171,2600.162305,15510.19001
0.008,9.2,166,191.544,12942.4441,2632.493885,15383.39399
0.008,9.3,157,183.582,12299.47804,2576.931457,14692.82749
0.008,9.4,156,184.428,12321.15,2604.087662,14740.80967
0.008,9.5,157,187.53,12566.06343,2631.471108,15010.00453
0.008,9.6,159,191.232,12875.72465,2661.854187,15346.34684
0.008,9.7,160,194.388,13206.46581,2601.692467,15613.77027
0.008,9.8,162,198.744,13663.34971,2541.188596,16005.7943
0.008,9.9,161,199.584,13776.01589,2479.304504,16055.73639
0.008,10,159,199.2,13807.4335,2413.812032,16022.04553
0.008,10.1,153,193.92,13404.35312,2346.564927,15556.99804
0.008,10.2,141,181.152,12279.22752,2368.905946,14466.98147
0.008,10.3,137,177.984,11970.0692,2391.112024,14183.19723
0.008,10.4,140,182.832,12517.0639,2321.033718,14655.26562
0.008,10.5,136,179.55,12185.97194,2343.866275,14350.28822
0.008,10.6,133,177.444,12090.4274,2271.513456,14184.49686
0.008,10.7,138,185.538,12762.28632,2295.420506,14872.16883
0.008,10.8,138,187.272,12881.02565,2316.377074,15010.13073
0.008,10.9,141,192.93,13239.66058,2433.2079,15479.93848
0.008,11,135,186.78,12814.19039,2357.453118,14984.86351
0.008,11.1,129,180.486,12195.1371,2378.567085,14393.21819
0.008,11.2,127,179.424,12295.37476,2200.335876,14316.28663
0.008,11.3,128,181.704,12404.18352,2319.834863,14542.31438
0.008,11.4,129,184.68,12529.05871,2441.883664,14786.26238
0.008,11.5,128,184.92,12756.17851,2258.324475,14829.58298
0.008,11.6,127,185.136,12860.76971,2176.02591,14851.65961
0.008,11.7,126,185.328,13032.81773,2089.371969,14936.8617
0.008,11.8,128,189.744,13395.07541,2106.914059,15312.24547
0.008,11.9,121,181.356,12612.43297,2123.487416,14554.56439
0.008,12,114,172.8,11860.73519,2140.954038,13828.88923
0.008,12.1,115,175.692,12090.25131,2158.5979,14073.15721
0.008,12.2,115,177.144,12041.6528,2285.014153,14149.52295
0.008,12.3,117,180.81,12417.10486,2303.373284,14539.66814
0.008,12.4,120,186.744,12630.79421,2543.432948,14987.48316
0.008,12.5,123,192.75,13270.61395,2458.64751,15536.51146
0.008,12.6,116,183.708,12531.86417,2366.26437,14714.42054
0.008,12.7,114,182.118,12481.98416,2271.193282,14571.05944
0.008,12.8,111,178.944,12299.3664,2175.67998,14296.10238
0.008,12.9,111,180.342,12416.86766,2192.092383,14428.61804
0.008,13,111,181.74,12508.24854,2208.936094,14535.44463
0.008,13.1,123,202.002,14165.33178,2344.06789,16307.39767
0.008,13.2,119,197.208,13459.86946,2595.392444,15858.05391
0.008,13.3,119,198.702,13559.18717,2614.539027,15975.0242
0.008,13.4,119,200.196,13658.52682,2634.913328,16093.24414
0.008,13.5,113,191.16,12701.88759,2776.417554,15287.14514
0.008,13.6,110,187.68,12498.35108,2678.837733,14989.50882
0.008,13.7,114,195.636,13029.45839,2821.950725,15655.77312
0.008,13.8,112,193.752,12821.84934,2842.207213,15470.30456
0.008,13.9,112,195.156,12894.80371,2862.471535,15562.11925
0.008,14,116,203.28,13594.99959,2882.336811,16274.0564
0.008,14.1,113,199.656,13284.80623,2902.478812,15987.62904
0.008,14.2,109,194.256,12444.56132,3179.885543,15430.19087
0.008,14.3,107,192.192,12380.68087,3075.784753,15264.27362
0.008,14.4,105,190.08,12321.16237,2968.784057,15099.86643
0.008,14.5,109,198.36,12765.45715,3244.744474,15811.84162
0.008,14.6,112,204.984,13165.59729,3398.33104,16358.94433
0.008,14.7,109,201.096,12931.61762,3288.572898,16019.09452
0.008,14.8,113,208.68,13628.27872,3310.636866,16730.23559
0.008,14.9,113,210.09,13570.53324,3466.020144,16826.46338
0.008,15,110,206.1,13185.48062,3489.091833,16468.47245
0.008,15.1,109,205.662,12822.65059,3785.470316,16402.4589
0.008,15.2,110,208.848,13096.4105,3810.145071,16697.70757
0.008,15.3,108,206.55,12981.89025,3702.034519,16477.37477
0.008,15.4,105,202.356,12893.13801,3446.431303,16137.21332
0.008,15.5,105,203.67,13164.45,3334.546627,16295.32663
0.008,15.6,104,203.112,13396.14427,3078.12211,16271.15438
0.008,15.7,106,208.182,13637.33086,3238.912517,16668.06138
0.008,15.8,106,209.508,13561.76573,3399.646826,16751.90456
0.008,15.9,103,205.11,13318.06832,3279.369915,16392.32823
0.008,16,105,210.24,13747.47454,3299.852152,16837.08669
0.008,16.1,104,209.622,14006.67865,3033.827369,16830.88402
0.008,16.2,103,208.98,14096.90301,2906.666241,16794.58926
0.008,16.3,103,210.27,14187.20115,2924.11894,16901.05009
0.008,16.4,96,197.784,13138.59826,2791.484649,15732.29891
0.008,16.5,95,197.01,13046.32225,2808.401619,15657.71387
0.008,16.6,96,200.196,13493.14061,2675.196899,15968.14151
0.008,16.7,92,192.384,13068.55689,2540.746721,15416.91961
0.008,16.8,89,187.488,12620.93074,2555.728933,14989.17167
0.008,16.9,92,194.688,13277.37346,2570.823319,15653.50878
0.008,17,97,206.04,14297.30869,2580.209661,16671.47835
0.008,17.1,92,196.992,13505.2824,2595.313455,15903.60386
0.008,17.2,91,196.08,13377.68728,2610.06904,15791.67632
0.008,17.3,92,199.296,13826.05959,2474.180947,16100.94454
0.008,17.4,87,190.008,13181.28788,2329.000412,15320.2803
0.008,17.5,82,180.6,12506.63119,2187.350194,14513.38139
0.008,17.6,83,183.744,12751.20707,2199.291083,14766.75415
0.008,17.7,78,174.168,11888.13708,2211.280105,13925.24919
0.008,17.8,79,177.288,12140.86948,2223.54824,14187.12972
0.008,17.9,73,165.396,11176.75353,2077.55921,13088.91674
0.008,18,76,172.8,11804.86947,2088.992129,13721.06159
0.008,18.1,77,175.932,12074.32399,2099.865711,13998.2577
0.008,18.2,75,172.536,11770.4409,2111.197819,13709.10272
0.008,18.3,75,173.484,11831.31894,2122.677768,13780.5127
0.008,18.4,78,181.056,12488.77183,2133.548445,14441.26427
0.008,18.5,79,184.26,12786.01522,2144.948481,14746.7037
0.008,18.6,89,207.576,14687.72883,2319.13508,16799.28791
0.008,18.7,86,201.96,14375.72227,2166.445891,16340.20816
0.008,18.8,77,182.736,12566.37493,2177.904845,14561.54377
0.008,18.9,78,184.842,13026.92474,2016.86742,14858.95016
0.008,19,78,185.82,13302.36207,1859.929,14976.47107
0.008,19.1,77,184.506,12935.11429,2040.401824,14791.01011
0.008,19.2,80,192.384,13601.71,2050.868023,15460.19403
0.008,19.3,79,191.07,13465.78902,2061.324905,15336.04393
0.008,19.4,78,189.732,13325.85995,2071.727586,15207.85554
0.008,19.5,75,183.69,12798.21345,2082.309063,14696.83252
0.008,19.6,73,179.928,12672.85674,1917.128516,14410.05725
0.008,19.7,73,180.846,12970.09701,1755.99657,14545.24758
0.008,19.8,73,181.764,13037.43822,1764.71383,14620.38805
0.008,19.9,73,182.682,13122.44208,1773.566826,14713.32691
0.009,2,572,144.84,10952.36044,2168.685899,12976.20634
0.009,2.1,547,145.404,10972.43401,2192.707982,13019.73799
0.009,2.2,525,146.388,10973.19803,2253.016847,13079.82687
0.009,2.3,512,149.04,11200.25104,2286.401017,13337.61205
0.009,2.4,482,146.592,10898.03914,2338.164907,13089.61205
0.009,2.5,461,145.8,10937.81405,2258.240392,13050.25444
0.009,2.6,451,148.2,11102.82322,2322.813746,13277.43696
0.009,2.7,434,148.23,11042.87257,2358.890431,13253.533
0.009,2.8,417,147.84,11159.8302,2220.749126,13232.73933
0.009,2.9,409,150.336,11332.38512,2271.713841,13453.76296
0.009,3,404,153.36,11588.9628,2319.324966,13754.92777
0.009,3.1,391,153.264,11595.69464,2304.354917,13746.78556
0.009,3.2,376,152.256,11432.83494,2346.577355,13627.1563
0.009,3.3,374,156.024,11664.12333,2454.320395,13962.41972
0.009,3.4,352,151.572,11423.31401,2286.787864,13558.52987
0.009,3.5,345,152.88,11565.78716,2284.516215,13697.42337
0.009,3.6,338,154.008,11515.88179,2420.030514,13781.9043
0.009,3.7,326,152.736,11526.75091,2302.101277,13676.11618
0.009,3.8,315,151.62,11432.96681,2289.669846,13571.01666
0.009,3.9,318,156.78,11868.74732,2350.54257,14062.50989
0.009,4,307,155.52,11597.23372,2450.905914,13892.61963
0.009,4.1,302,156.702,11884.0548,2307.334297,14034.6871
0.009,4.2,300,159.012,12243.25896,2234.997974,14319.24493
0.009,4.3,289,157.122,12036.21738,2244.691913,14123.78729
0.009,4.4,279,155.496,11901.36521,2208.306068,13954.17528
0.009,4.5,282,160.38,12175.01383,2395.26091,14409.89474
0.009,4.6,264,154.008,11637.83389,2311.536713,13795.36261
0.009,4.7,259,153.972,11724.38191,2266.601699,13837.01161
0.009,4.8,256,155.52,11678.54415,2409.978534,13933.00269
0.009,4.9,254,157.584,11690.85287,2558.26458,14091.53345
0.009,5,248,156.9,11690.462,2511.372381,14044.93438
0.009,5.1,243,156.978,11730.67444,2459.179928,14032.87637
0.009,5.2,235,154.752,11654.54756,2350.953487,13850.74905
0.009,5.3,226,152.004,11390.84249,2342.152045,13580.99054
0.009,5.4,239,162.972,12454.56672,2386.452189,14678.04691
0.009,5.5,226,157.41,12078.19945,2210.49651,14131.28596
0.009,5.6,215,152.544,11517.55689,2305.464833,13670.47772
0.009,5.7,217,156.636,11711.84717,2460.189219,14015.40038
0.009,5.8,217,159.036,12057.88552,2388.406028,14287.25555
0.009,5.9,214,159.654,11973.68306,2488.961347,14302.9904
0.009,6,214,162.36,12050.90326,2654.052256,14542.59552
0.009,6.1,209,161.406,12040.28477,2574.37931,14453.25808
0.009,6.2,206,161.448,12070.30278,2554.339561,14463.19434
0.009,6.3,203,161.406,12120.91831,2530.56037,14490.07268
0.009,6.4,202,163.2,12301.12019,2505.412209,14643.33239
0.009,6.5,205,168.09,12818.15554,2480.537774,15130.60331
0.009,6.6,196,163.152,12465.98161,2387.408644,14690.23825
0.009,6.7,187,158.388,11930.34657,2419.306848,14191.26542
0.009,6.8,185,159.12,11933.082,2454.854066,14228.81607
0.009,6.9,183,159.804,12097.10261,2352.657854,14289.95646
0.009,7,182,161.28,12277.92729,2316.994182,14433.64147
0.009,7.1,181,162.306,12377.7156,2350.622531,14566.03213
0.009,7.2,180,163.728,12650.4802,2240.496607,14727.2488
0.009,7.3,179,165.126,12755.69734,2270.925097,14861.49644
0.009,7.4,175,163.836,12571.71539,2301.91644,14709.79583
0.009,7.5,173,164.25,12584.40032,2332.738889,14752.88921
0.009,7.6,168,161.424,12293.86652,2363.040113,14495.48263
0.009,7.7,169,164.472,12730.14872,2238.558394,14804.23511
0.009,7.8,159,157.248,11944.37699,2267.263781,14054.39277
0.009,7.9,151,151.206,11556.32346,2137.260652,13542.37811
0.009,8,156,157.92,12089.29426,2242.556306,14173.93057
0.009,8.1,157,160.866,12609.85857,2031.154402,14480.14697
0.009,8.2,155,160.884,12585.24577,2056.35397,14480.71574
0.009,8.3,147,154.878,11974.46008,2081.096425,13900.67851
0.009,8.4,145,154.224,11901.22649,2105.734048,13852.73653
0.009,8.5,144,155.04,11950.25166,2132.389689,13927.60135
0.009,8.6,155,168.216,12694.44361,2588.487072,15114.71469
0.009,8.7,152,167.04,12608.9422,2533.638446,14975.54065
0.009,8.8,150,166.848,12676.14962,2474.411958,14983.71357
0.009,8.9,151,169.812,12940.85469,2501.188596,15272.23129
0.009,9,146,166.32,12647.9925,2441.687899,14923.36039
0.009,9.1,147,168.714,12671.7712,2652.060824,15155.11802
0.009,9.2,143,166.152,12365.06595,2683.516546,14882.4305
0.009,9.3,139,163.494,12056.01699,2709.882946,14602.40593
0.009,9.4,140,166.38,12336.63423,2738.366674,14908.62091
0.009,9.5,140,168.15,12460.39292,2767.216508,15059.45943
0.009,9.6,135,163.584,12126.3173,2700.277764,14663.01106
0.009,9.7,137,167.616,12477.54459,2727.76534,15037.69393
0.009,9.8,137,169.344,12737.58824,2657.967866,15226.2121
0.009,9.9,134,167.508,12738.7629,2484.875143,15056.13004
0.009,10,132,166.8,12742.47985,2408.398243,14984.0781
0.009,10.1,134,170.892,13096.58882,2432.692178,15358.389
0.009,10.2,124,160.344,12024.80399,2455.774399,14320.23439
0.009,10.3,124,161.916,12151.88723,2478.723371,14468.69461
0.009,10.4,124,162.864,12261.40288,2504.010122,14602.54901
0.009,10.5,117,155.61,11856.46183,2216.009369,13916.8612
0.009,10.6,117,157.092,11968.47093,2236.682064,14048.06099
0.009,10.7,122,164.994,12707.68346,2257.518505,14800.20796
0.009,10.8,126,171.72,13369.75553,2278.214407,15476.24994
0.009,10.9,127,174.618,13487.11421,2407.19253,15719.68874
0.009,11,122,169.62,13087.72527,2318.859653,15236.96492
0.009,11.1,111,156.51,11658.93047,2450.59795,13953.01842
0.009,11.2,107,152.544,11487.77334,2249.278913,13584.50825
0.009,11.3,109,155.94,11995.54955,2155.96628,13995.57583
0.009,11.4,112,161.424,12376.31895,2286.947329,14501.84228
0.009,11.5,114,165.6,12897.252,2191.406023,14923.05803
0.009,11.6,114,167.04,13141.21434,2095.791354,15069.9657
0.009,11.7,111,164.268,12826.28769,2112.102672,14774.12237
0.009,11.8,111,165.672,12951.34339,2129.718307,14915.3897
0.009,11.9,112,168.504,13078.16583,2266.42826,15176.09009
0.009,12,108,164.16,12611.44619,2285.048844,14732.33504
0.009,12.1,100,153.912,11556.32097,2303.8688,13706.27777
0.009,12.2,103,159.576,12113.95727,2322.318893,14276.70017
0.009,12.3,109,169.002,12947.2672,2467.550067,15245.81527
0.009,12.4,106,165.912,12628.26153,2486.970275,14949.3198
0.009,12.5,106,167.25,12874.30428,2388.545434,15095.59971
0.009,12.6,101,161.028,12353.29028,2281.738966,14474.00124
0.009,12.7,97,156.21,11995.7319,2171.843979,14011.36588
0.009,12.8,98,158.976,12077.09682,2318.905099,14237.02592
0.009,12.9,98,160.218,12045.59328,2466.103907,14351.47919
0.009,13,102,167.7,12737.14133,2485.047208,15054.48854
0.009,13.1,106,175.278,13479.19517,2503.798061,15807.71523
0.009,13.2,106,176.616,13585.28253,2521.676763,15930.3433
0.009,13.3,105,176.358,13536.14585,2540.309951,15900.0978
0.009,13.4,104,176.076,13481.53637,2558.771431,15864.2318
0.009,13.5,96,163.62,12246.18611,2577.755572,14660.32168
0.009,13.6,94,161.568,12164.02087,2460.962779,14463.41565
0.009,13.7,101,174.264,13376.46257,2478.735692,15680.93426
0.009,13.8,96,167.256,12627.11909,2496.49825,14956.36134
0.009,13.9,97,170.136,12707.77753,2655.295036,15192.93657
0.009,14,95,168,12468.28845,2673.77798,14974.06643
0.009,14.1,98,174.276,13112.27177,2692.516622,15630.5124
0.009,14.2,98,175.512,12585.47178,3287.12912,15697.0889
0.009,14.3,93,168.168,12110.32248,3024.592246,14966.74673
0.009,14.4,91,165.888,11838.9198,3045.585113,14718.61691
0.009,14.5,95,174,12471.85033,3210.767226,15508.61755
0.009,14.6,97,178.704,12902.36375,3232.37891,15956.03866
0.009,14.7,96,178.164,12991.77796,3104.91432,15918.52828
0.009,14.8,97,180.264,13271.24349,3125.709153,16216.68864
0.009,14.9,96,179.694,13186.32657,3145.178051,16151.81062
0.009,15,92,173.7,12563.6069,3166.042304,15555.9492
0.009,15.1,89,169.422,12130.50731,3186.526119,15147.61143
0.009,15.2,87,166.896,11853.7754,3207.451101,14894.3305
0.009,15.3,90,173.502,12698.01377,3079.520057,15604.03182
0.009,15.4,91,176.484,12784.05855,3252.641228,15860.21578
0.009,15.5,88,172.05,12472.7361,3122.777955,15423.46406
0.009,15.6,88,173.16,12555.89545,3142.220795,15524.95625
0.009,15.7,87,172.386,12440.32469,3161.88423,15429.82292
0.009,15.8,86,171.588,12339.43845,3181.785446,15349.63589
0.009,15.9,81,163.134,11831.03654,2883.626721,14551.52926
0.009,16,80,162.24,11720.48688,2901.641059,14459.88794
0.009,16.1,86,174.846,13135.5856,2758.233122,15718.97272
0.009,16.2,89,181.764,13807.44732,2775.297206,16400.98052
0.009,16.3,90,184.842,14102.94578,2791.917415,16710.02119
0.009,16.4,81,168.264,12353.80346,2808.353456,14993.89291
0.009,16.5,82,171.27,12416.75921,2989.910126,15235.39934
0.009,16.6,82,172.308,12678.90125,2839.027293,15345.62055
0.009,16.7,80,168.336,12559.40392,2686.786142,15077.85406
0.009,16.8,77,163.296,12029.88482,2702.613835,14569.20265
0.009,16.9,83,176.436,13349.91581,2718.567731,15892.04754
0.009,17,87,185.64,14279.44101,2736.060758,16829.86177
0.009,17.1,83,178.524,13568.97123,2752.030572,16142.4778
0.009,17.2,80,173.376,13038.94252,2767.683913,15633.25044
0.009,17.3,77,168.156,12508.96289,2783.45356,15124.26045
0.009,17.4,77,169.128,12796.86107,2620.125445,15247.85852
0.009,17.5,76,168,12842.63976,2460.768948,15135.40871
0.009,17.6,76,168.96,12922.95157,2474.202443,15228.19401
0.009,17.7,71,159.3,11937.85288,2487.690136,14266.24302
0.009,17.8,73,164.472,12415.8533,2501.49177,14752.87307
0.009,17.9,68,154.656,11539.02429,2337.254128,13721.62242
0.009,18,67,153.36,11387.50813,2350.116178,13584.2643
0.009,18.1,68,156.384,11685.476,2362.348903,13891.4409
0.009,18.2,67,155.064,11545.30963,2375.097565,13765.34319
0.009,18.3,69,160.308,12062.36207,2388.012445,14290.06652
0.009,18.4,70,163.392,12332.22453,2400.241982,14569.07451
0.009,18.5,72,168.72,12859.4469,2413.067025,15103.79393
0.009,18.6,73,171.864,13149.23395,2424.581384,15401.95134
0.009,18.7,71,168.3,12783.26182,2437.251612,15052.21344
0.009,18.8,67,160.176,11931.21756,2450.142925,14221.18449
0.009,18.9,69,164.43,12652.18426,2268.975836,14756.73009
0.009,19,68,163.02,12720.85418,2092.420112,14650.2543
0.009,19.1,66,159.294,12312.54631,2102.739236,14255.99155
0.009,19.2,67,162.432,12605.16205,2113.531528,14556.26158
0.009,19.3,67,163.278,12666.42543,2124.304915,14627.45234
0.009,19.4,66,161.796,12517.34543,2135.037612,14490.58704
0.009,19.5,66,162.63,12613.02707,2145.933242,14596.33031
0.009,19.6,67,165.816,13151.60798,1959.113348,14944.90533
0.009,19.7,66,164.298,13218.91266,1776.86688,14831.48154
0.009,19.8,65,162.756,13050.42442,1785.737732,14673.40615
0.009,19.9,67,168.354,13592.56523,1794.68946,15218.90069
